2024-12-30 10:11:59,208 - INFO - build_posterior_wrapper took 0.001270 seconds
2024-12-30 10:11:59,208 - INFO - TPE using 0 trials
2024-12-30 10:11:59,209 - ERROR - job exception: __init__() missing 1 required positional argument: 'config'
2024-12-30 10:14:03,322 - INFO - build_posterior_wrapper took 0.001224 seconds
2024-12-30 10:14:03,322 - INFO - TPE using 0 trials
2024-12-30 10:14:03,343 - ERROR - job exception: I/O operation on closed file.
2024-12-30 10:23:33,198 - INFO - build_posterior_wrapper took 0.001296 seconds
2024-12-30 10:23:33,198 - INFO - TPE using 0 trials
2024-12-30 10:23:33,231 - INFO - Successfully generated input file for Heptazine at a1_0.54_b1_-0.22_a2_0.65_b2_-0.11_S/Heptazine_a1_0.54_b1_-0.22_a2_0.65_b2_-0.11_S.inp
2024-12-30 10:23:33,235 - ERROR - job exception: [Errno 2] No such file or directory: 'a1_0.5403105884581539_b1_-0.21552604328361968_a2_0.6488815641875062_b2_-0.1062166190965884_S': 'a1_0.5403105884581539_b1_-0.21552604328361968_a2_0.6488815641875062_b2_-0.1062166190965884_S'
2024-12-30 10:29:01,746 - INFO - build_posterior_wrapper took 0.001234 seconds
2024-12-30 10:29:01,747 - INFO - TPE using 0 trials
2024-12-30 10:29:01,764 - INFO - Successfully generated input file for Heptazine at a1_0.48_b1_-0.28_a2_0.71_b2_-0.11_S/Heptazine_a1_0.48_b1_-0.28_a2_0.71_b2_-0.11_S.inp
2024-12-30 10:29:01,764 - INFO - Submitting job for Heptazine in directory a1_0.48_b1_-0.28_a2_0.71_b2_-0.11_S
2024-12-30 10:29:01,790 - INFO - Job submitted for Heptazine with ID: Submitted batch job 4326448
2024-12-30 10:29:01,801 - INFO - Successfully generated input file for Cyclazine at a1_0.48_b1_-0.28_a2_0.71_b2_-0.11_S/Cyclazine_a1_0.48_b1_-0.28_a2_0.71_b2_-0.11_S.inp
2024-12-30 10:29:01,802 - INFO - Submitting job for Cyclazine in directory a1_0.48_b1_-0.28_a2_0.71_b2_-0.11_S
2024-12-30 10:29:01,821 - INFO - Job submitted for Cyclazine with ID: Submitted batch job 4326449
2024-12-30 10:29:01,821 - ERROR - job exception: name 're' is not defined
2024-12-30 10:32:42,345 - INFO - build_posterior_wrapper took 0.001342 seconds
2024-12-30 10:32:42,345 - INFO - TPE using 0 trials
2024-12-30 10:32:42,362 - INFO - Successfully generated input file for Heptazine at a1_0.49_b1_-0.25_a2_0.61_b2_-0.11_S/Heptazine_a1_0.49_b1_-0.25_a2_0.61_b2_-0.11_S.inp
2024-12-30 10:32:42,363 - INFO - Submitting job for Heptazine in directory a1_0.49_b1_-0.25_a2_0.61_b2_-0.11_S
2024-12-30 10:32:42,383 - INFO - Job submitted for Heptazine with ID: Submitted batch job 4326454
2024-12-30 10:32:42,396 - INFO - Successfully generated input file for Cyclazine at a1_0.49_b1_-0.25_a2_0.61_b2_-0.11_S/Cyclazine_a1_0.49_b1_-0.25_a2_0.61_b2_-0.11_S.inp
2024-12-30 10:32:42,396 - INFO - Submitting job for Cyclazine in directory a1_0.49_b1_-0.25_a2_0.61_b2_-0.11_S
2024-12-30 10:32:42,415 - INFO - Job submitted for Cyclazine with ID: Submitted batch job 4326455
2024-12-30 10:32:42,416 - INFO - Processing molecule: Heptazine
2024-12-30 10:32:42,416 - ERROR - [ERROR] Singlet job for Heptazine is not completed yet.
2024-12-30 10:32:42,416 - ERROR - Directory /bighome/ali/Projects/Functional_Optimizer/Bayesian_Optimization_v2/a1_0.4913300986823203_b1_-0.24650987088360138_a2_0.6140041975828513_b2_-0.10746478649146558_S does not exist.
2024-12-30 10:32:42,416 - ERROR - [ERROR] Singlet job for Heptazine is not completed yet.
2024-12-30 10:32:42,416 - ERROR - Skipping molecule Heptazine after failed retries.
2024-12-30 10:32:42,416 - INFO - Processing molecule: Cyclazine
2024-12-30 10:32:42,416 - ERROR - [ERROR] Singlet job for Cyclazine is not completed yet.
2024-12-30 10:32:42,416 - ERROR - Directory /bighome/ali/Projects/Functional_Optimizer/Bayesian_Optimization_v2/a1_0.4913300986823203_b1_-0.24650987088360138_a2_0.6140041975828513_b2_-0.10746478649146558_S does not exist.
2024-12-30 10:32:42,416 - ERROR - [ERROR] Singlet job for Cyclazine is not completed yet.
2024-12-30 10:32:42,416 - ERROR - Skipping molecule Cyclazine after failed retries.
2024-12-30 10:32:42,418 - INFO - build_posterior_wrapper took 0.001237 seconds
2024-12-30 10:32:42,418 - INFO - TPE using 1/1 trials with best loss inf
2024-12-30 10:32:42,432 - INFO - Successfully generated input file for Heptazine at a1_0.46_b1_-0.22_a2_0.74_b2_-0.11_S/Heptazine_a1_0.46_b1_-0.22_a2_0.74_b2_-0.11_S.inp
2024-12-30 10:32:42,433 - INFO - Submitting job for Heptazine in directory a1_0.46_b1_-0.22_a2_0.74_b2_-0.11_S
2024-12-30 10:32:42,451 - INFO - Job submitted for Heptazine with ID: Submitted batch job 4326456
2024-12-30 10:32:42,463 - INFO - Successfully generated input file for Cyclazine at a1_0.46_b1_-0.22_a2_0.74_b2_-0.11_S/Cyclazine_a1_0.46_b1_-0.22_a2_0.74_b2_-0.11_S.inp
2024-12-30 10:32:42,463 - INFO - Submitting job for Cyclazine in directory a1_0.46_b1_-0.22_a2_0.74_b2_-0.11_S
2024-12-30 10:32:42,481 - INFO - Job submitted for Cyclazine with ID: Submitted batch job 4326457
2024-12-30 10:32:42,482 - INFO - Processing molecule: Heptazine
2024-12-30 10:32:42,482 - ERROR - [ERROR] Singlet job for Heptazine is not completed yet.
2024-12-30 10:32:42,482 - ERROR - Directory /bighome/ali/Projects/Functional_Optimizer/Bayesian_Optimization_v2/a1_0.4584183929882605_b1_-0.22489021384601005_a2_0.7379306426624785_b2_-0.10802868660684431_S does not exist.
2024-12-30 10:32:42,482 - ERROR - [ERROR] Singlet job for Heptazine is not completed yet.
2024-12-30 10:32:42,482 - ERROR - Skipping molecule Heptazine after failed retries.
2024-12-30 10:32:42,482 - INFO - Processing molecule: Cyclazine
2024-12-30 10:32:42,482 - ERROR - [ERROR] Singlet job for Cyclazine is not completed yet.
2024-12-30 10:32:42,482 - ERROR - Directory /bighome/ali/Projects/Functional_Optimizer/Bayesian_Optimization_v2/a1_0.4584183929882605_b1_-0.22489021384601005_a2_0.7379306426624785_b2_-0.10802868660684431_S does not exist.
2024-12-30 10:32:42,482 - ERROR - [ERROR] Singlet job for Cyclazine is not completed yet.
2024-12-30 10:32:42,482 - ERROR - Skipping molecule Cyclazine after failed retries.
2024-12-30 10:32:42,484 - INFO - build_posterior_wrapper took 0.001326 seconds
2024-12-30 10:32:42,485 - INFO - TPE using 2/2 trials with best loss inf
2024-12-30 10:32:42,499 - INFO - Successfully generated input file for Heptazine at a1_0.55_b1_-0.18_a2_0.62_b2_-0.09_S/Heptazine_a1_0.55_b1_-0.18_a2_0.62_b2_-0.09_S.inp
2024-12-30 10:32:42,499 - INFO - Submitting job for Heptazine in directory a1_0.55_b1_-0.18_a2_0.62_b2_-0.09_S
2024-12-30 10:32:42,517 - INFO - Job submitted for Heptazine with ID: Submitted batch job 4326458
2024-12-30 10:32:42,529 - INFO - Successfully generated input file for Cyclazine at a1_0.55_b1_-0.18_a2_0.62_b2_-0.09_S/Cyclazine_a1_0.55_b1_-0.18_a2_0.62_b2_-0.09_S.inp
2024-12-30 10:32:42,530 - INFO - Submitting job for Cyclazine in directory a1_0.55_b1_-0.18_a2_0.62_b2_-0.09_S
2024-12-30 10:32:42,548 - INFO - Job submitted for Cyclazine with ID: Submitted batch job 4326459
2024-12-30 10:32:42,548 - INFO - Processing molecule: Heptazine
2024-12-30 10:32:42,549 - ERROR - [ERROR] Singlet job for Heptazine is not completed yet.
2024-12-30 10:32:42,549 - ERROR - Directory /bighome/ali/Projects/Functional_Optimizer/Bayesian_Optimization_v2/a1_0.5473299547966355_b1_-0.18344951511329918_a2_0.6150217837145997_b2_-0.09184730696333276_S does not exist.
2024-12-30 10:32:42,549 - ERROR - [ERROR] Singlet job for Heptazine is not completed yet.
2024-12-30 10:32:42,549 - ERROR - Skipping molecule Heptazine after failed retries.
2024-12-30 10:32:42,549 - INFO - Processing molecule: Cyclazine
2024-12-30 10:32:42,549 - ERROR - [ERROR] Singlet job for Cyclazine is not completed yet.
2024-12-30 10:32:42,549 - ERROR - Directory /bighome/ali/Projects/Functional_Optimizer/Bayesian_Optimization_v2/a1_0.5473299547966355_b1_-0.18344951511329918_a2_0.6150217837145997_b2_-0.09184730696333276_S does not exist.
2024-12-30 10:32:42,549 - ERROR - [ERROR] Singlet job for Cyclazine is not completed yet.
2024-12-30 10:32:42,549 - ERROR - Skipping molecule Cyclazine after failed retries.
2024-12-30 10:32:42,551 - INFO - build_posterior_wrapper took 0.001287 seconds
2024-12-30 10:32:42,551 - INFO - TPE using 3/3 trials with best loss inf
2024-12-30 10:32:42,565 - INFO - Successfully generated input file for Heptazine at a1_0.46_b1_-0.25_a2_0.67_b2_-0.11_S/Heptazine_a1_0.46_b1_-0.25_a2_0.67_b2_-0.11_S.inp
2024-12-30 10:32:42,565 - INFO - Submitting job for Heptazine in directory a1_0.46_b1_-0.25_a2_0.67_b2_-0.11_S
2024-12-30 10:32:42,584 - INFO - Job submitted for Heptazine with ID: Submitted batch job 4326460
2024-12-30 10:32:42,595 - INFO - Successfully generated input file for Cyclazine at a1_0.46_b1_-0.25_a2_0.67_b2_-0.11_S/Cyclazine_a1_0.46_b1_-0.25_a2_0.67_b2_-0.11_S.inp
2024-12-30 10:32:42,596 - INFO - Submitting job for Cyclazine in directory a1_0.46_b1_-0.25_a2_0.67_b2_-0.11_S
2024-12-30 10:32:42,614 - INFO - Job submitted for Cyclazine with ID: Submitted batch job 4326461
2024-12-30 10:32:42,614 - INFO - Processing molecule: Heptazine
2024-12-30 10:32:42,614 - ERROR - [ERROR] Singlet job for Heptazine is not completed yet.
2024-12-30 10:32:42,614 - ERROR - Directory /bighome/ali/Projects/Functional_Optimizer/Bayesian_Optimization_v2/a1_0.4565503472473018_b1_-0.25153854072242327_a2_0.673168015505897_b2_-0.10782869487355504_S does not exist.
2024-12-30 10:32:42,614 - ERROR - [ERROR] Singlet job for Heptazine is not completed yet.
2024-12-30 10:32:42,614 - ERROR - Skipping molecule Heptazine after failed retries.
2024-12-30 10:32:42,614 - INFO - Processing molecule: Cyclazine
2024-12-30 10:32:42,614 - ERROR - [ERROR] Singlet job for Cyclazine is not completed yet.
2024-12-30 10:32:42,615 - ERROR - Directory /bighome/ali/Projects/Functional_Optimizer/Bayesian_Optimization_v2/a1_0.4565503472473018_b1_-0.25153854072242327_a2_0.673168015505897_b2_-0.10782869487355504_S does not exist.
2024-12-30 10:32:42,615 - ERROR - [ERROR] Singlet job for Cyclazine is not completed yet.
2024-12-30 10:32:42,615 - ERROR - Skipping molecule Cyclazine after failed retries.
2024-12-30 10:32:42,617 - INFO - build_posterior_wrapper took 0.001854 seconds
2024-12-30 10:32:42,617 - INFO - TPE using 4/4 trials with best loss inf
2024-12-30 10:32:42,631 - INFO - Successfully generated input file for Heptazine at a1_0.47_b1_-0.25_a2_0.63_b2_-0.11_S/Heptazine_a1_0.47_b1_-0.25_a2_0.63_b2_-0.11_S.inp
2024-12-30 10:32:42,631 - INFO - Submitting job for Heptazine in directory a1_0.47_b1_-0.25_a2_0.63_b2_-0.11_S
2024-12-30 10:32:42,649 - INFO - Job submitted for Heptazine with ID: Submitted batch job 4326462
2024-12-30 10:32:42,661 - INFO - Successfully generated input file for Cyclazine at a1_0.47_b1_-0.25_a2_0.63_b2_-0.11_S/Cyclazine_a1_0.47_b1_-0.25_a2_0.63_b2_-0.11_S.inp
2024-12-30 10:32:42,662 - INFO - Submitting job for Cyclazine in directory a1_0.47_b1_-0.25_a2_0.63_b2_-0.11_S
2024-12-30 10:32:42,680 - INFO - Job submitted for Cyclazine with ID: Submitted batch job 4326463
2024-12-30 10:32:42,680 - INFO - Processing molecule: Heptazine
2024-12-30 10:32:42,680 - ERROR - [ERROR] Singlet job for Heptazine is not completed yet.
2024-12-30 10:32:42,681 - ERROR - Directory /bighome/ali/Projects/Functional_Optimizer/Bayesian_Optimization_v2/a1_0.47320822059147427_b1_-0.24809986325208958_a2_0.6266637867599854_b2_-0.10946472282885131_S does not exist.
2024-12-30 10:32:42,681 - ERROR - [ERROR] Singlet job for Heptazine is not completed yet.
2024-12-30 10:32:42,681 - ERROR - Skipping molecule Heptazine after failed retries.
2024-12-30 10:32:42,681 - INFO - Processing molecule: Cyclazine
2024-12-30 10:32:42,681 - ERROR - [ERROR] Singlet job for Cyclazine is not completed yet.
2024-12-30 10:32:42,681 - ERROR - Directory /bighome/ali/Projects/Functional_Optimizer/Bayesian_Optimization_v2/a1_0.47320822059147427_b1_-0.24809986325208958_a2_0.6266637867599854_b2_-0.10946472282885131_S does not exist.
2024-12-30 10:32:42,681 - ERROR - [ERROR] Singlet job for Cyclazine is not completed yet.
2024-12-30 10:32:42,681 - ERROR - Skipping molecule Cyclazine after failed retries.
2024-12-30 10:40:37,679 - INFO - build_posterior_wrapper took 0.001262 seconds
2024-12-30 10:40:37,679 - INFO - TPE using 0 trials
2024-12-30 10:40:37,695 - INFO - Successfully generated input file for Heptazine at a1_0.55_b1_-0.26_a2_0.64_b2_-0.09_S/Heptazine_a1_0.55_b1_-0.26_a2_0.64_b2_-0.09_S.inp
2024-12-30 10:40:37,696 - INFO - Submitting job for Heptazine in directory a1_0.55_b1_-0.26_a2_0.64_b2_-0.09_S
2024-12-30 10:40:37,719 - INFO - Job submitted for Heptazine with ID: Submitted batch job 4326473
2024-12-30 10:40:37,731 - INFO - Successfully generated input file for Cyclazine at a1_0.55_b1_-0.26_a2_0.64_b2_-0.09_S/Cyclazine_a1_0.55_b1_-0.26_a2_0.64_b2_-0.09_S.inp
2024-12-30 10:40:37,732 - INFO - Submitting job for Cyclazine in directory a1_0.55_b1_-0.26_a2_0.64_b2_-0.09_S
2024-12-30 10:40:37,751 - INFO - Job submitted for Cyclazine with ID: Submitted batch job 4326474
2024-12-30 10:40:37,751 - INFO - Processing molecule: Heptazine
2024-12-30 10:40:37,751 - ERROR - [ERROR] Singlet job for Heptazine is not completed yet.
2024-12-30 10:40:37,752 - ERROR - Directory /bighome/ali/Projects/Functional_Optimizer/Bayesian_Optimization_v2/a1_0.5465143175441394_b1_-0.2569764025296972_a2_0.6372159314562685_b2_-0.09115710881602915_S does not exist.
2024-12-30 10:40:37,752 - ERROR - [ERROR] Singlet job for Heptazine is not completed yet.
2024-12-30 10:40:37,752 - ERROR - Skipping molecule Heptazine after failed retries.
2024-12-30 10:40:37,752 - INFO - Processing molecule: Cyclazine
2024-12-30 10:40:37,752 - ERROR - [ERROR] Singlet job for Cyclazine is not completed yet.
2024-12-30 10:40:37,752 - ERROR - Directory /bighome/ali/Projects/Functional_Optimizer/Bayesian_Optimization_v2/a1_0.5465143175441394_b1_-0.2569764025296972_a2_0.6372159314562685_b2_-0.09115710881602915_S does not exist.
2024-12-30 10:40:37,752 - ERROR - [ERROR] Singlet job for Cyclazine is not completed yet.
2024-12-30 10:40:37,752 - ERROR - Skipping molecule Cyclazine after failed retries.
2024-12-30 10:40:37,753 - INFO - build_posterior_wrapper took 0.001343 seconds
2024-12-30 10:40:37,754 - INFO - TPE using 1/1 trials with best loss inf
2024-12-30 10:40:37,768 - INFO - Successfully generated input file for Heptazine at a1_0.45_b1_-0.25_a2_0.65_b2_-0.12_S/Heptazine_a1_0.45_b1_-0.25_a2_0.65_b2_-0.12_S.inp
2024-12-30 10:40:37,769 - INFO - Submitting job for Heptazine in directory a1_0.45_b1_-0.25_a2_0.65_b2_-0.12_S
2024-12-30 10:40:37,787 - INFO - Job submitted for Heptazine with ID: Submitted batch job 4326475
2024-12-30 10:40:37,799 - INFO - Successfully generated input file for Cyclazine at a1_0.45_b1_-0.25_a2_0.65_b2_-0.12_S/Cyclazine_a1_0.45_b1_-0.25_a2_0.65_b2_-0.12_S.inp
2024-12-30 10:40:37,800 - INFO - Submitting job for Cyclazine in directory a1_0.45_b1_-0.25_a2_0.65_b2_-0.12_S
2024-12-30 10:40:37,818 - INFO - Job submitted for Cyclazine with ID: Submitted batch job 4326476
2024-12-30 10:40:37,818 - INFO - Processing molecule: Heptazine
2024-12-30 10:40:37,819 - ERROR - [ERROR] Singlet job for Heptazine is not completed yet.
2024-12-30 10:40:37,819 - ERROR - Directory /bighome/ali/Projects/Functional_Optimizer/Bayesian_Optimization_v2/a1_0.4540420839542716_b1_-0.25364268554261576_a2_0.6483889093836521_b2_-0.11506047007785546_S does not exist.
2024-12-30 10:40:37,819 - ERROR - [ERROR] Singlet job for Heptazine is not completed yet.
2024-12-30 10:40:37,819 - ERROR - Skipping molecule Heptazine after failed retries.
2024-12-30 10:40:37,819 - INFO - Processing molecule: Cyclazine
2024-12-30 10:40:37,819 - ERROR - [ERROR] Singlet job for Cyclazine is not completed yet.
2024-12-30 10:40:37,819 - ERROR - Directory /bighome/ali/Projects/Functional_Optimizer/Bayesian_Optimization_v2/a1_0.4540420839542716_b1_-0.25364268554261576_a2_0.6483889093836521_b2_-0.11506047007785546_S does not exist.
2024-12-30 10:40:37,819 - ERROR - [ERROR] Singlet job for Cyclazine is not completed yet.
2024-12-30 10:40:37,819 - ERROR - Skipping molecule Cyclazine after failed retries.
2024-12-30 10:40:37,821 - INFO - build_posterior_wrapper took 0.001321 seconds
2024-12-30 10:40:37,821 - INFO - TPE using 2/2 trials with best loss inf
2024-12-30 10:40:37,835 - INFO - Successfully generated input file for Heptazine at a1_0.49_b1_-0.25_a2_0.70_b2_-0.09_S/Heptazine_a1_0.49_b1_-0.25_a2_0.70_b2_-0.09_S.inp
2024-12-30 10:40:37,836 - INFO - Submitting job for Heptazine in directory a1_0.49_b1_-0.25_a2_0.70_b2_-0.09_S
2024-12-30 10:40:37,854 - INFO - Job submitted for Heptazine with ID: Submitted batch job 4326477
2024-12-30 10:40:37,867 - INFO - Successfully generated input file for Cyclazine at a1_0.49_b1_-0.25_a2_0.70_b2_-0.09_S/Cyclazine_a1_0.49_b1_-0.25_a2_0.70_b2_-0.09_S.inp
2024-12-30 10:40:37,868 - INFO - Submitting job for Cyclazine in directory a1_0.49_b1_-0.25_a2_0.70_b2_-0.09_S
2024-12-30 10:40:37,886 - INFO - Job submitted for Cyclazine with ID: Submitted batch job 4326478
2024-12-30 10:40:37,886 - INFO - Processing molecule: Heptazine
2024-12-30 10:40:37,886 - ERROR - [ERROR] Singlet job for Heptazine is not completed yet.
2024-12-30 10:40:37,886 - ERROR - Directory /bighome/ali/Projects/Functional_Optimizer/Bayesian_Optimization_v2/a1_0.4881094825966285_b1_-0.25393242064442684_a2_0.6955454683195569_b2_-0.0919006642595128_S does not exist.
2024-12-30 10:40:37,886 - ERROR - [ERROR] Singlet job for Heptazine is not completed yet.
2024-12-30 10:40:37,886 - ERROR - Skipping molecule Heptazine after failed retries.
2024-12-30 10:40:37,886 - INFO - Processing molecule: Cyclazine
2024-12-30 10:40:37,887 - ERROR - [ERROR] Singlet job for Cyclazine is not completed yet.
2024-12-30 10:40:37,887 - ERROR - Directory /bighome/ali/Projects/Functional_Optimizer/Bayesian_Optimization_v2/a1_0.4881094825966285_b1_-0.25393242064442684_a2_0.6955454683195569_b2_-0.0919006642595128_S does not exist.
2024-12-30 10:40:37,887 - ERROR - [ERROR] Singlet job for Cyclazine is not completed yet.
2024-12-30 10:40:37,887 - ERROR - Skipping molecule Cyclazine after failed retries.
2024-12-30 10:40:37,888 - INFO - build_posterior_wrapper took 0.001297 seconds
2024-12-30 10:40:37,888 - INFO - TPE using 3/3 trials with best loss inf
2024-12-30 10:40:37,903 - INFO - Successfully generated input file for Heptazine at a1_0.52_b1_-0.27_a2_0.70_b2_-0.12_S/Heptazine_a1_0.52_b1_-0.27_a2_0.70_b2_-0.12_S.inp
2024-12-30 10:40:37,903 - INFO - Submitting job for Heptazine in directory a1_0.52_b1_-0.27_a2_0.70_b2_-0.12_S
2024-12-30 10:40:37,922 - INFO - Job submitted for Heptazine with ID: Submitted batch job 4326479
2024-12-30 10:40:37,934 - INFO - Successfully generated input file for Cyclazine at a1_0.52_b1_-0.27_a2_0.70_b2_-0.12_S/Cyclazine_a1_0.52_b1_-0.27_a2_0.70_b2_-0.12_S.inp
2024-12-30 10:40:37,935 - INFO - Submitting job for Cyclazine in directory a1_0.52_b1_-0.27_a2_0.70_b2_-0.12_S
2024-12-30 10:40:37,953 - INFO - Job submitted for Cyclazine with ID: Submitted batch job 4326480
2024-12-30 10:40:37,953 - INFO - Processing molecule: Heptazine
2024-12-30 10:40:37,953 - ERROR - [ERROR] Singlet job for Heptazine is not completed yet.
2024-12-30 10:40:37,954 - ERROR - Directory /bighome/ali/Projects/Functional_Optimizer/Bayesian_Optimization_v2/a1_0.5247113761139707_b1_-0.26865552525723857_a2_0.6968054582833408_b2_-0.11579211154379927_S does not exist.
2024-12-30 10:40:37,954 - ERROR - [ERROR] Singlet job for Heptazine is not completed yet.
2024-12-30 10:40:37,954 - ERROR - Skipping molecule Heptazine after failed retries.
2024-12-30 10:40:37,954 - INFO - Processing molecule: Cyclazine
2024-12-30 10:40:37,954 - ERROR - [ERROR] Singlet job for Cyclazine is not completed yet.
2024-12-30 10:40:37,954 - ERROR - Directory /bighome/ali/Projects/Functional_Optimizer/Bayesian_Optimization_v2/a1_0.5247113761139707_b1_-0.26865552525723857_a2_0.6968054582833408_b2_-0.11579211154379927_S does not exist.
2024-12-30 10:40:37,954 - ERROR - [ERROR] Singlet job for Cyclazine is not completed yet.
2024-12-30 10:40:37,954 - ERROR - Skipping molecule Cyclazine after failed retries.
2024-12-30 10:40:37,956 - INFO - build_posterior_wrapper took 0.001973 seconds
2024-12-30 10:40:37,957 - INFO - TPE using 4/4 trials with best loss inf
2024-12-30 10:40:37,970 - INFO - Successfully generated input file for Heptazine at a1_0.48_b1_-0.25_a2_0.63_b2_-0.09_S/Heptazine_a1_0.48_b1_-0.25_a2_0.63_b2_-0.09_S.inp
2024-12-30 10:40:37,971 - INFO - Submitting job for Heptazine in directory a1_0.48_b1_-0.25_a2_0.63_b2_-0.09_S
2024-12-30 10:40:37,989 - INFO - Job submitted for Heptazine with ID: Submitted batch job 4326481
2024-12-30 10:40:38,001 - INFO - Successfully generated input file for Cyclazine at a1_0.48_b1_-0.25_a2_0.63_b2_-0.09_S/Cyclazine_a1_0.48_b1_-0.25_a2_0.63_b2_-0.09_S.inp
2024-12-30 10:40:38,002 - INFO - Submitting job for Cyclazine in directory a1_0.48_b1_-0.25_a2_0.63_b2_-0.09_S
2024-12-30 10:40:38,020 - INFO - Job submitted for Cyclazine with ID: Submitted batch job 4326482
2024-12-30 10:40:38,020 - INFO - Processing molecule: Heptazine
2024-12-30 10:40:38,021 - ERROR - [ERROR] Singlet job for Heptazine is not completed yet.
2024-12-30 10:40:38,021 - ERROR - Directory /bighome/ali/Projects/Functional_Optimizer/Bayesian_Optimization_v2/a1_0.4785068255944794_b1_-0.24592195893131066_a2_0.6264303215660585_b2_-0.09149072913718045_S does not exist.
2024-12-30 10:40:38,021 - ERROR - [ERROR] Singlet job for Heptazine is not completed yet.
2024-12-30 10:40:38,021 - ERROR - Skipping molecule Heptazine after failed retries.
2024-12-30 10:40:38,021 - INFO - Processing molecule: Cyclazine
2024-12-30 10:40:38,021 - ERROR - [ERROR] Singlet job for Cyclazine is not completed yet.
2024-12-30 10:40:38,021 - ERROR - Directory /bighome/ali/Projects/Functional_Optimizer/Bayesian_Optimization_v2/a1_0.4785068255944794_b1_-0.24592195893131066_a2_0.6264303215660585_b2_-0.09149072913718045_S does not exist.
2024-12-30 10:40:38,021 - ERROR - [ERROR] Singlet job for Cyclazine is not completed yet.
2024-12-30 10:40:38,021 - ERROR - Skipping molecule Cyclazine after failed retries.
2024-12-30 10:43:47,381 - INFO - build_posterior_wrapper took 0.001272 seconds
2024-12-30 10:43:47,381 - INFO - TPE using 0 trials
2024-12-30 10:43:47,399 - INFO - Successfully generated input file for Heptazine at a1_0.55_b1_-0.28_a2_0.62_b2_-0.12_S/Heptazine_a1_0.55_b1_-0.28_a2_0.62_b2_-0.12_S.inp
2024-12-30 10:43:47,400 - INFO - Submitting job for Heptazine in directory a1_0.55_b1_-0.28_a2_0.62_b2_-0.12_S
2024-12-30 10:43:47,421 - INFO - Job submitted for Heptazine with ID: Submitted batch job 4326486
2024-12-30 10:43:47,434 - INFO - Successfully generated input file for Cyclazine at a1_0.55_b1_-0.28_a2_0.62_b2_-0.12_S/Cyclazine_a1_0.55_b1_-0.28_a2_0.62_b2_-0.12_S.inp
2024-12-30 10:43:47,434 - INFO - Submitting job for Cyclazine in directory a1_0.55_b1_-0.28_a2_0.62_b2_-0.12_S
2024-12-30 10:43:47,453 - INFO - Job submitted for Cyclazine with ID: Submitted batch job 4326487
2024-12-30 10:43:47,454 - INFO - Processing molecule: Heptazine
2024-12-30 10:43:47,454 - ERROR - [ERROR] Singlet job for Heptazine is not completed yet.
2024-12-30 10:43:47,454 - ERROR - Directory /bighome/ali/Projects/Functional_Optimizer/Bayesian_Optimization_v2/a1_0.5464759662843953_b1_-0.2773381564000788_a2_0.6243114801312708_b2_-0.11857299144461414_S does not exist.
2024-12-30 10:43:47,454 - ERROR - [ERROR] Singlet job for Heptazine is not completed yet.
2024-12-30 10:43:47,454 - ERROR - Skipping molecule Heptazine after failed retries.
2024-12-30 10:43:47,454 - INFO - Processing molecule: Cyclazine
2024-12-30 10:43:47,454 - ERROR - [ERROR] Singlet job for Cyclazine is not completed yet.
2024-12-30 10:43:47,454 - ERROR - Directory /bighome/ali/Projects/Functional_Optimizer/Bayesian_Optimization_v2/a1_0.5464759662843953_b1_-0.2773381564000788_a2_0.6243114801312708_b2_-0.11857299144461414_S does not exist.
2024-12-30 10:43:47,454 - ERROR - [ERROR] Singlet job for Cyclazine is not completed yet.
2024-12-30 10:43:47,454 - ERROR - Skipping molecule Cyclazine after failed retries.
2024-12-30 10:43:47,456 - INFO - build_posterior_wrapper took 0.001253 seconds
2024-12-30 10:43:47,456 - INFO - TPE using 1/1 trials with best loss inf
2024-12-30 10:43:47,471 - INFO - Successfully generated input file for Heptazine at a1_0.48_b1_-0.21_a2_0.60_b2_-0.09_S/Heptazine_a1_0.48_b1_-0.21_a2_0.60_b2_-0.09_S.inp
2024-12-30 10:43:47,471 - INFO - Submitting job for Heptazine in directory a1_0.48_b1_-0.21_a2_0.60_b2_-0.09_S
2024-12-30 10:43:47,490 - INFO - Job submitted for Heptazine with ID: Submitted batch job 4326488
2024-12-30 10:43:47,502 - INFO - Successfully generated input file for Cyclazine at a1_0.48_b1_-0.21_a2_0.60_b2_-0.09_S/Cyclazine_a1_0.48_b1_-0.21_a2_0.60_b2_-0.09_S.inp
2024-12-30 10:43:47,503 - INFO - Submitting job for Cyclazine in directory a1_0.48_b1_-0.21_a2_0.60_b2_-0.09_S
2024-12-30 10:43:47,522 - INFO - Job submitted for Cyclazine with ID: Submitted batch job 4326489
2024-12-30 10:43:47,522 - INFO - Processing molecule: Heptazine
2024-12-30 10:43:47,522 - ERROR - [ERROR] Singlet job for Heptazine is not completed yet.
2024-12-30 10:43:47,522 - ERROR - Directory /bighome/ali/Projects/Functional_Optimizer/Bayesian_Optimization_v2/a1_0.48481713950059957_b1_-0.2109238597269926_a2_0.6012427679571036_b2_-0.0928974473696765_S does not exist.
2024-12-30 10:43:47,522 - ERROR - [ERROR] Singlet job for Heptazine is not completed yet.
2024-12-30 10:43:47,522 - ERROR - Skipping molecule Heptazine after failed retries.
2024-12-30 10:43:47,522 - INFO - Processing molecule: Cyclazine
2024-12-30 10:43:47,522 - ERROR - [ERROR] Singlet job for Cyclazine is not completed yet.
2024-12-30 10:43:47,523 - ERROR - Directory /bighome/ali/Projects/Functional_Optimizer/Bayesian_Optimization_v2/a1_0.48481713950059957_b1_-0.2109238597269926_a2_0.6012427679571036_b2_-0.0928974473696765_S does not exist.
2024-12-30 10:43:47,523 - ERROR - [ERROR] Singlet job for Cyclazine is not completed yet.
2024-12-30 10:43:47,523 - ERROR - Skipping molecule Cyclazine after failed retries.
2024-12-30 10:43:47,524 - INFO - build_posterior_wrapper took 0.001333 seconds
2024-12-30 10:43:47,525 - INFO - TPE using 2/2 trials with best loss inf
2024-12-30 10:43:47,539 - INFO - Successfully generated input file for Heptazine at a1_0.51_b1_-0.23_a2_0.70_b2_-0.08_S/Heptazine_a1_0.51_b1_-0.23_a2_0.70_b2_-0.08_S.inp
2024-12-30 10:43:47,540 - INFO - Submitting job for Heptazine in directory a1_0.51_b1_-0.23_a2_0.70_b2_-0.08_S
2024-12-30 10:43:47,558 - INFO - Job submitted for Heptazine with ID: Submitted batch job 4326490
2024-12-30 10:43:47,571 - INFO - Successfully generated input file for Cyclazine at a1_0.51_b1_-0.23_a2_0.70_b2_-0.08_S/Cyclazine_a1_0.51_b1_-0.23_a2_0.70_b2_-0.08_S.inp
2024-12-30 10:43:47,572 - INFO - Submitting job for Cyclazine in directory a1_0.51_b1_-0.23_a2_0.70_b2_-0.08_S
2024-12-30 10:43:47,590 - INFO - Job submitted for Cyclazine with ID: Submitted batch job 4326491
2024-12-30 10:43:47,590 - INFO - Processing molecule: Heptazine
2024-12-30 10:43:47,591 - ERROR - [ERROR] Singlet job for Heptazine is not completed yet.
2024-12-30 10:43:47,591 - ERROR - Directory /bighome/ali/Projects/Functional_Optimizer/Bayesian_Optimization_v2/a1_0.5141681871873343_b1_-0.22790080534966334_a2_0.7009394942723306_b2_-0.08291027187453243_S does not exist.
2024-12-30 10:43:47,591 - ERROR - [ERROR] Singlet job for Heptazine is not completed yet.
2024-12-30 10:43:47,591 - ERROR - Skipping molecule Heptazine after failed retries.
2024-12-30 10:43:47,591 - INFO - Processing molecule: Cyclazine
2024-12-30 10:43:47,591 - ERROR - [ERROR] Singlet job for Cyclazine is not completed yet.
2024-12-30 10:43:47,591 - ERROR - Directory /bighome/ali/Projects/Functional_Optimizer/Bayesian_Optimization_v2/a1_0.5141681871873343_b1_-0.22790080534966334_a2_0.7009394942723306_b2_-0.08291027187453243_S does not exist.
2024-12-30 10:43:47,591 - ERROR - [ERROR] Singlet job for Cyclazine is not completed yet.
2024-12-30 10:43:47,591 - ERROR - Skipping molecule Cyclazine after failed retries.
2024-12-30 10:43:47,593 - INFO - build_posterior_wrapper took 0.001253 seconds
2024-12-30 10:43:47,593 - INFO - TPE using 3/3 trials with best loss inf
2024-12-30 10:43:47,608 - INFO - Successfully generated input file for Heptazine at a1_0.51_b1_-0.26_a2_0.68_b2_-0.10_S/Heptazine_a1_0.51_b1_-0.26_a2_0.68_b2_-0.10_S.inp
2024-12-30 10:43:47,609 - INFO - Submitting job for Heptazine in directory a1_0.51_b1_-0.26_a2_0.68_b2_-0.10_S
2024-12-30 10:43:47,628 - INFO - Job submitted for Heptazine with ID: Submitted batch job 4326492
2024-12-30 10:43:47,640 - INFO - Successfully generated input file for Cyclazine at a1_0.51_b1_-0.26_a2_0.68_b2_-0.10_S/Cyclazine_a1_0.51_b1_-0.26_a2_0.68_b2_-0.10_S.inp
2024-12-30 10:43:47,641 - INFO - Submitting job for Cyclazine in directory a1_0.51_b1_-0.26_a2_0.68_b2_-0.10_S
2024-12-30 10:43:47,659 - INFO - Job submitted for Cyclazine with ID: Submitted batch job 4326493
2024-12-30 10:43:47,659 - INFO - Processing molecule: Heptazine
2024-12-30 10:43:47,660 - ERROR - [ERROR] Singlet job for Heptazine is not completed yet.
2024-12-30 10:43:47,660 - ERROR - Directory /bighome/ali/Projects/Functional_Optimizer/Bayesian_Optimization_v2/a1_0.5063280695758973_b1_-0.258272490909289_a2_0.6775887900547336_b2_-0.09977327989633468_S does not exist.
2024-12-30 10:43:47,660 - ERROR - [ERROR] Singlet job for Heptazine is not completed yet.
2024-12-30 10:43:47,660 - ERROR - Skipping molecule Heptazine after failed retries.
2024-12-30 10:43:47,660 - INFO - Processing molecule: Cyclazine
2024-12-30 10:43:47,660 - ERROR - [ERROR] Singlet job for Cyclazine is not completed yet.
2024-12-30 10:43:47,660 - ERROR - Directory /bighome/ali/Projects/Functional_Optimizer/Bayesian_Optimization_v2/a1_0.5063280695758973_b1_-0.258272490909289_a2_0.6775887900547336_b2_-0.09977327989633468_S does not exist.
2024-12-30 10:43:47,660 - ERROR - [ERROR] Singlet job for Cyclazine is not completed yet.
2024-12-30 10:43:47,660 - ERROR - Skipping molecule Cyclazine after failed retries.
2024-12-30 10:43:47,663 - INFO - build_posterior_wrapper took 0.001965 seconds
2024-12-30 10:43:47,663 - INFO - TPE using 4/4 trials with best loss inf
2024-12-30 10:43:47,678 - INFO - Successfully generated input file for Heptazine at a1_0.48_b1_-0.22_a2_0.69_b2_-0.11_S/Heptazine_a1_0.48_b1_-0.22_a2_0.69_b2_-0.11_S.inp
2024-12-30 10:43:47,679 - INFO - Submitting job for Heptazine in directory a1_0.48_b1_-0.22_a2_0.69_b2_-0.11_S
2024-12-30 10:43:47,697 - INFO - Job submitted for Heptazine with ID: Submitted batch job 4326494
2024-12-30 10:43:47,709 - INFO - Successfully generated input file for Cyclazine at a1_0.48_b1_-0.22_a2_0.69_b2_-0.11_S/Cyclazine_a1_0.48_b1_-0.22_a2_0.69_b2_-0.11_S.inp
2024-12-30 10:43:47,710 - INFO - Submitting job for Cyclazine in directory a1_0.48_b1_-0.22_a2_0.69_b2_-0.11_S
2024-12-30 10:43:47,728 - INFO - Job submitted for Cyclazine with ID: Submitted batch job 4326495
2024-12-30 10:43:47,728 - INFO - Processing molecule: Heptazine
2024-12-30 10:43:47,729 - ERROR - [ERROR] Singlet job for Heptazine is not completed yet.
2024-12-30 10:43:47,729 - ERROR - Directory /bighome/ali/Projects/Functional_Optimizer/Bayesian_Optimization_v2/a1_0.4840250238953389_b1_-0.2154915613366793_a2_0.6881236324108523_b2_-0.11021291386829803_S does not exist.
2024-12-30 10:43:47,729 - ERROR - [ERROR] Singlet job for Heptazine is not completed yet.
2024-12-30 10:43:47,729 - ERROR - Skipping molecule Heptazine after failed retries.
2024-12-30 10:43:47,729 - INFO - Processing molecule: Cyclazine
2024-12-30 10:43:47,729 - ERROR - [ERROR] Singlet job for Cyclazine is not completed yet.
2024-12-30 10:43:47,729 - ERROR - Directory /bighome/ali/Projects/Functional_Optimizer/Bayesian_Optimization_v2/a1_0.4840250238953389_b1_-0.2154915613366793_a2_0.6881236324108523_b2_-0.11021291386829803_S does not exist.
2024-12-30 10:43:47,729 - ERROR - [ERROR] Singlet job for Cyclazine is not completed yet.
2024-12-30 10:43:47,729 - ERROR - Skipping molecule Cyclazine after failed retries.
2024-12-30 10:56:39,774 - INFO - build_posterior_wrapper took 0.001296 seconds
2024-12-30 10:56:39,774 - INFO - TPE using 0 trials
2024-12-30 10:56:39,791 - INFO - Successfully generated input file for Heptazine at a1_0.46_b1_-0.24_a2_0.72_b2_-0.12_S/Heptazine_a1_0.46_b1_-0.24_a2_0.72_b2_-0.12_S.inp
2024-12-30 10:56:39,792 - INFO - Submitting job for Heptazine in directory a1_0.46_b1_-0.24_a2_0.72_b2_-0.12_S
2024-12-30 10:56:39,815 - INFO - Job submitted for Heptazine with ID: Submitted batch job 4326496
2024-12-30 10:56:39,827 - INFO - Successfully generated input file for Cyclazine at a1_0.46_b1_-0.24_a2_0.72_b2_-0.12_S/Cyclazine_a1_0.46_b1_-0.24_a2_0.72_b2_-0.12_S.inp
2024-12-30 10:56:39,827 - INFO - Submitting job for Cyclazine in directory a1_0.46_b1_-0.24_a2_0.72_b2_-0.12_S
2024-12-30 10:56:39,846 - INFO - Job submitted for Cyclazine with ID: Submitted batch job 4326497
2024-12-30 10:56:39,846 - INFO - Processing molecule: Heptazine
2024-12-30 10:56:39,847 - ERROR - [ERROR] Singlet job for Heptazine is not completed yet.
2024-12-30 10:56:39,847 - ERROR - Directory /bighome/ali/Projects/Functional_Optimizer/Bayesian_Optimization_v2/a1_0.46412444990062074_b1_-0.2402126747408384_a2_0.7208503829594857_b2_-0.11806837925408933_S does not exist.
2024-12-30 10:56:39,847 - ERROR - [ERROR] Singlet job for Heptazine is not completed yet.
2024-12-30 10:56:39,847 - ERROR - Skipping molecule Heptazine after failed retries.
2024-12-30 10:56:39,847 - INFO - Processing molecule: Cyclazine
2024-12-30 10:56:39,847 - ERROR - [ERROR] Singlet job for Cyclazine is not completed yet.
2024-12-30 10:56:39,847 - ERROR - Directory /bighome/ali/Projects/Functional_Optimizer/Bayesian_Optimization_v2/a1_0.46412444990062074_b1_-0.2402126747408384_a2_0.7208503829594857_b2_-0.11806837925408933_S does not exist.
2024-12-30 10:56:39,847 - ERROR - [ERROR] Singlet job for Cyclazine is not completed yet.
2024-12-30 10:56:39,847 - ERROR - Skipping molecule Cyclazine after failed retries.
2024-12-30 10:56:39,849 - INFO - build_posterior_wrapper took 0.001311 seconds
2024-12-30 10:56:39,849 - INFO - TPE using 1/1 trials with best loss inf
2024-12-30 10:56:39,863 - INFO - Successfully generated input file for Heptazine at a1_0.50_b1_-0.28_a2_0.63_b2_-0.10_S/Heptazine_a1_0.50_b1_-0.28_a2_0.63_b2_-0.10_S.inp
2024-12-30 10:56:39,864 - INFO - Submitting job for Heptazine in directory a1_0.50_b1_-0.28_a2_0.63_b2_-0.10_S
2024-12-30 10:56:39,882 - INFO - Job submitted for Heptazine with ID: Submitted batch job 4326498
2024-12-30 10:56:39,894 - INFO - Successfully generated input file for Cyclazine at a1_0.50_b1_-0.28_a2_0.63_b2_-0.10_S/Cyclazine_a1_0.50_b1_-0.28_a2_0.63_b2_-0.10_S.inp
2024-12-30 10:56:39,895 - INFO - Submitting job for Cyclazine in directory a1_0.50_b1_-0.28_a2_0.63_b2_-0.10_S
2024-12-30 10:56:39,913 - INFO - Job submitted for Cyclazine with ID: Submitted batch job 4326499
2024-12-30 10:56:39,913 - INFO - Processing molecule: Heptazine
2024-12-30 10:56:39,914 - ERROR - [ERROR] Singlet job for Heptazine is not completed yet.
2024-12-30 10:56:39,914 - ERROR - Directory /bighome/ali/Projects/Functional_Optimizer/Bayesian_Optimization_v2/a1_0.5037617271978568_b1_-0.2778147393063611_a2_0.6308697045319813_b2_-0.10333995689433725_S does not exist.
2024-12-30 10:56:39,914 - ERROR - [ERROR] Singlet job for Heptazine is not completed yet.
2024-12-30 10:56:39,914 - ERROR - Skipping molecule Heptazine after failed retries.
2024-12-30 10:56:39,914 - INFO - Processing molecule: Cyclazine
2024-12-30 10:56:39,914 - ERROR - [ERROR] Singlet job for Cyclazine is not completed yet.
2024-12-30 10:56:39,914 - ERROR - Directory /bighome/ali/Projects/Functional_Optimizer/Bayesian_Optimization_v2/a1_0.5037617271978568_b1_-0.2778147393063611_a2_0.6308697045319813_b2_-0.10333995689433725_S does not exist.
2024-12-30 10:56:39,914 - ERROR - [ERROR] Singlet job for Cyclazine is not completed yet.
2024-12-30 10:56:39,914 - ERROR - Skipping molecule Cyclazine after failed retries.
2024-12-30 10:56:39,916 - INFO - build_posterior_wrapper took 0.001344 seconds
2024-12-30 10:56:39,916 - INFO - TPE using 2/2 trials with best loss inf
2024-12-30 10:56:39,931 - INFO - Successfully generated input file for Heptazine at a1_0.49_b1_-0.26_a2_0.72_b2_-0.08_S/Heptazine_a1_0.49_b1_-0.26_a2_0.72_b2_-0.08_S.inp
2024-12-30 10:56:39,932 - INFO - Submitting job for Heptazine in directory a1_0.49_b1_-0.26_a2_0.72_b2_-0.08_S
2024-12-30 10:56:39,950 - INFO - Job submitted for Heptazine with ID: Submitted batch job 4326500
2024-12-30 10:56:39,963 - INFO - Successfully generated input file for Cyclazine at a1_0.49_b1_-0.26_a2_0.72_b2_-0.08_S/Cyclazine_a1_0.49_b1_-0.26_a2_0.72_b2_-0.08_S.inp
2024-12-30 10:56:39,963 - INFO - Submitting job for Cyclazine in directory a1_0.49_b1_-0.26_a2_0.72_b2_-0.08_S
2024-12-30 10:56:39,981 - INFO - Job submitted for Cyclazine with ID: Submitted batch job 4326501
2024-12-30 10:56:39,982 - INFO - Processing molecule: Heptazine
2024-12-30 10:56:39,982 - ERROR - [ERROR] Singlet job for Heptazine is not completed yet.
2024-12-30 10:56:39,982 - ERROR - Directory /bighome/ali/Projects/Functional_Optimizer/Bayesian_Optimization_v2/a1_0.48673382991751724_b1_-0.2607498924612882_a2_0.7218908600724073_b2_-0.08248880826128287_S does not exist.
2024-12-30 10:56:39,982 - ERROR - [ERROR] Singlet job for Heptazine is not completed yet.
2024-12-30 10:56:39,982 - ERROR - Skipping molecule Heptazine after failed retries.
2024-12-30 10:56:39,982 - INFO - Processing molecule: Cyclazine
2024-12-30 10:56:39,982 - ERROR - [ERROR] Singlet job for Cyclazine is not completed yet.
2024-12-30 10:56:39,982 - ERROR - Directory /bighome/ali/Projects/Functional_Optimizer/Bayesian_Optimization_v2/a1_0.48673382991751724_b1_-0.2607498924612882_a2_0.7218908600724073_b2_-0.08248880826128287_S does not exist.
2024-12-30 10:56:39,982 - ERROR - [ERROR] Singlet job for Cyclazine is not completed yet.
2024-12-30 10:56:39,982 - ERROR - Skipping molecule Cyclazine after failed retries.
2024-12-30 10:56:39,984 - INFO - build_posterior_wrapper took 0.001301 seconds
2024-12-30 10:56:39,984 - INFO - TPE using 3/3 trials with best loss inf
2024-12-30 10:56:39,999 - INFO - Successfully generated input file for Heptazine at a1_0.53_b1_-0.24_a2_0.72_b2_-0.11_S/Heptazine_a1_0.53_b1_-0.24_a2_0.72_b2_-0.11_S.inp
2024-12-30 10:56:40,000 - INFO - Submitting job for Heptazine in directory a1_0.53_b1_-0.24_a2_0.72_b2_-0.11_S
2024-12-30 10:56:40,018 - INFO - Job submitted for Heptazine with ID: Submitted batch job 4326502
2024-12-30 10:56:40,031 - INFO - Successfully generated input file for Cyclazine at a1_0.53_b1_-0.24_a2_0.72_b2_-0.11_S/Cyclazine_a1_0.53_b1_-0.24_a2_0.72_b2_-0.11_S.inp
2024-12-30 10:56:40,032 - INFO - Submitting job for Cyclazine in directory a1_0.53_b1_-0.24_a2_0.72_b2_-0.11_S
2024-12-30 10:56:40,050 - INFO - Job submitted for Cyclazine with ID: Submitted batch job 4326503
2024-12-30 10:56:40,050 - INFO - Processing molecule: Heptazine
2024-12-30 10:56:40,051 - ERROR - [ERROR] Singlet job for Heptazine is not completed yet.
2024-12-30 10:56:40,051 - ERROR - Directory /bighome/ali/Projects/Functional_Optimizer/Bayesian_Optimization_v2/a1_0.533890496298324_b1_-0.23898540661090692_a2_0.7242516359925897_b2_-0.1127947744721381_S does not exist.
2024-12-30 10:56:40,051 - ERROR - [ERROR] Singlet job for Heptazine is not completed yet.
2024-12-30 10:56:40,051 - ERROR - Skipping molecule Heptazine after failed retries.
2024-12-30 10:56:40,051 - INFO - Processing molecule: Cyclazine
2024-12-30 10:56:40,051 - ERROR - [ERROR] Singlet job for Cyclazine is not completed yet.
2024-12-30 10:56:40,051 - ERROR - Directory /bighome/ali/Projects/Functional_Optimizer/Bayesian_Optimization_v2/a1_0.533890496298324_b1_-0.23898540661090692_a2_0.7242516359925897_b2_-0.1127947744721381_S does not exist.
2024-12-30 10:56:40,051 - ERROR - [ERROR] Singlet job for Cyclazine is not completed yet.
2024-12-30 10:56:40,051 - ERROR - Skipping molecule Cyclazine after failed retries.
2024-12-30 10:56:40,054 - INFO - build_posterior_wrapper took 0.001996 seconds
2024-12-30 10:56:40,054 - INFO - TPE using 4/4 trials with best loss inf
2024-12-30 10:56:40,068 - INFO - Successfully generated input file for Heptazine at a1_0.52_b1_-0.21_a2_0.71_b2_-0.11_S/Heptazine_a1_0.52_b1_-0.21_a2_0.71_b2_-0.11_S.inp
2024-12-30 10:56:40,069 - INFO - Submitting job for Heptazine in directory a1_0.52_b1_-0.21_a2_0.71_b2_-0.11_S
2024-12-30 10:56:40,087 - INFO - Job submitted for Heptazine with ID: Submitted batch job 4326504
2024-12-30 10:56:40,099 - INFO - Successfully generated input file for Cyclazine at a1_0.52_b1_-0.21_a2_0.71_b2_-0.11_S/Cyclazine_a1_0.52_b1_-0.21_a2_0.71_b2_-0.11_S.inp
2024-12-30 10:56:40,100 - INFO - Submitting job for Cyclazine in directory a1_0.52_b1_-0.21_a2_0.71_b2_-0.11_S
2024-12-30 10:56:40,118 - INFO - Job submitted for Cyclazine with ID: Submitted batch job 4326505
2024-12-30 10:56:40,118 - INFO - Processing molecule: Heptazine
2024-12-30 10:56:40,119 - ERROR - [ERROR] Singlet job for Heptazine is not completed yet.
2024-12-30 10:56:40,119 - ERROR - Directory /bighome/ali/Projects/Functional_Optimizer/Bayesian_Optimization_v2/a1_0.5165601618674337_b1_-0.21132659873538057_a2_0.7120297985472892_b2_-0.10849341183735949_S does not exist.
2024-12-30 10:56:40,119 - ERROR - [ERROR] Singlet job for Heptazine is not completed yet.
2024-12-30 10:56:40,119 - ERROR - Skipping molecule Heptazine after failed retries.
2024-12-30 10:56:40,119 - INFO - Processing molecule: Cyclazine
2024-12-30 10:56:40,119 - ERROR - [ERROR] Singlet job for Cyclazine is not completed yet.
2024-12-30 10:56:40,119 - ERROR - Directory /bighome/ali/Projects/Functional_Optimizer/Bayesian_Optimization_v2/a1_0.5165601618674337_b1_-0.21132659873538057_a2_0.7120297985472892_b2_-0.10849341183735949_S does not exist.
2024-12-30 10:56:40,119 - ERROR - [ERROR] Singlet job for Cyclazine is not completed yet.
2024-12-30 10:56:40,119 - ERROR - Skipping molecule Cyclazine after failed retries.
2024-12-30 10:56:40,121 - INFO - build_posterior_wrapper took 0.001327 seconds
2024-12-30 10:56:40,121 - INFO - TPE using 5/5 trials with best loss inf
2024-12-30 10:56:40,135 - INFO - Successfully generated input file for Heptazine at a1_0.55_b1_-0.22_a2_0.65_b2_-0.09_S/Heptazine_a1_0.55_b1_-0.22_a2_0.65_b2_-0.09_S.inp
2024-12-30 10:56:40,136 - INFO - Submitting job for Heptazine in directory a1_0.55_b1_-0.22_a2_0.65_b2_-0.09_S
2024-12-30 10:56:40,154 - INFO - Job submitted for Heptazine with ID: Submitted batch job 4326506
2024-12-30 10:56:40,166 - INFO - Successfully generated input file for Cyclazine at a1_0.55_b1_-0.22_a2_0.65_b2_-0.09_S/Cyclazine_a1_0.55_b1_-0.22_a2_0.65_b2_-0.09_S.inp
2024-12-30 10:56:40,167 - INFO - Submitting job for Cyclazine in directory a1_0.55_b1_-0.22_a2_0.65_b2_-0.09_S
2024-12-30 10:56:40,185 - INFO - Job submitted for Cyclazine with ID: Submitted batch job 4326507
2024-12-30 10:56:40,185 - INFO - Processing molecule: Heptazine
2024-12-30 10:56:40,185 - ERROR - [ERROR] Singlet job for Heptazine is not completed yet.
2024-12-30 10:56:40,185 - ERROR - Directory /bighome/ali/Projects/Functional_Optimizer/Bayesian_Optimization_v2/a1_0.5459016830043136_b1_-0.22058411650237256_a2_0.6473261476773129_b2_-0.09455358150941659_S does not exist.
2024-12-30 10:56:40,186 - ERROR - [ERROR] Singlet job for Heptazine is not completed yet.
2024-12-30 10:56:40,186 - ERROR - Skipping molecule Heptazine after failed retries.
2024-12-30 10:56:40,186 - INFO - Processing molecule: Cyclazine
2024-12-30 10:56:40,186 - ERROR - [ERROR] Singlet job for Cyclazine is not completed yet.
2024-12-30 10:56:40,186 - ERROR - Directory /bighome/ali/Projects/Functional_Optimizer/Bayesian_Optimization_v2/a1_0.5459016830043136_b1_-0.22058411650237256_a2_0.6473261476773129_b2_-0.09455358150941659_S does not exist.
2024-12-30 10:56:40,186 - ERROR - [ERROR] Singlet job for Cyclazine is not completed yet.
2024-12-30 10:56:40,186 - ERROR - Skipping molecule Cyclazine after failed retries.
2024-12-30 10:56:40,188 - INFO - build_posterior_wrapper took 0.001340 seconds
2024-12-30 10:56:40,188 - INFO - TPE using 6/6 trials with best loss inf
2024-12-30 10:56:40,202 - INFO - Successfully generated input file for Heptazine at a1_0.50_b1_-0.20_a2_0.67_b2_-0.12_S/Heptazine_a1_0.50_b1_-0.20_a2_0.67_b2_-0.12_S.inp
2024-12-30 10:56:40,203 - INFO - Submitting job for Heptazine in directory a1_0.50_b1_-0.20_a2_0.67_b2_-0.12_S
2024-12-30 10:56:40,221 - INFO - Job submitted for Heptazine with ID: Submitted batch job 4326508
2024-12-30 10:56:40,233 - INFO - Successfully generated input file for Cyclazine at a1_0.50_b1_-0.20_a2_0.67_b2_-0.12_S/Cyclazine_a1_0.50_b1_-0.20_a2_0.67_b2_-0.12_S.inp
2024-12-30 10:56:40,234 - INFO - Submitting job for Cyclazine in directory a1_0.50_b1_-0.20_a2_0.67_b2_-0.12_S
2024-12-30 10:56:40,253 - INFO - Job submitted for Cyclazine with ID: Submitted batch job 4326509
2024-12-30 10:56:40,253 - INFO - Processing molecule: Heptazine
2024-12-30 10:56:40,254 - ERROR - [ERROR] Singlet job for Heptazine is not completed yet.
2024-12-30 10:56:40,254 - ERROR - Directory /bighome/ali/Projects/Functional_Optimizer/Bayesian_Optimization_v2/a1_0.5045626775743924_b1_-0.19639091435171568_a2_0.6667111866933276_b2_-0.11660070278790917_S does not exist.
2024-12-30 10:56:40,254 - ERROR - [ERROR] Singlet job for Heptazine is not completed yet.
2024-12-30 10:56:40,254 - ERROR - Skipping molecule Heptazine after failed retries.
2024-12-30 10:56:40,254 - INFO - Processing molecule: Cyclazine
2024-12-30 10:56:40,254 - ERROR - [ERROR] Singlet job for Cyclazine is not completed yet.
2024-12-30 10:56:40,254 - ERROR - Directory /bighome/ali/Projects/Functional_Optimizer/Bayesian_Optimization_v2/a1_0.5045626775743924_b1_-0.19639091435171568_a2_0.6667111866933276_b2_-0.11660070278790917_S does not exist.
2024-12-30 10:56:40,254 - ERROR - [ERROR] Singlet job for Cyclazine is not completed yet.
2024-12-30 10:56:40,254 - ERROR - Skipping molecule Cyclazine after failed retries.
2024-12-30 10:56:40,256 - INFO - build_posterior_wrapper took 0.001299 seconds
2024-12-30 10:56:40,256 - INFO - TPE using 7/7 trials with best loss inf
2024-12-30 10:56:40,271 - INFO - Successfully generated input file for Heptazine at a1_0.54_b1_-0.26_a2_0.69_b2_-0.10_S/Heptazine_a1_0.54_b1_-0.26_a2_0.69_b2_-0.10_S.inp
2024-12-30 10:56:40,272 - INFO - Submitting job for Heptazine in directory a1_0.54_b1_-0.26_a2_0.69_b2_-0.10_S
2024-12-30 10:56:40,290 - INFO - Job submitted for Heptazine with ID: Submitted batch job 4326510
2024-12-30 10:56:40,302 - INFO - Successfully generated input file for Cyclazine at a1_0.54_b1_-0.26_a2_0.69_b2_-0.10_S/Cyclazine_a1_0.54_b1_-0.26_a2_0.69_b2_-0.10_S.inp
2024-12-30 10:56:40,303 - INFO - Submitting job for Cyclazine in directory a1_0.54_b1_-0.26_a2_0.69_b2_-0.10_S
2024-12-30 10:56:40,321 - INFO - Job submitted for Cyclazine with ID: Submitted batch job 4326511
2024-12-30 10:56:40,321 - INFO - Processing molecule: Heptazine
2024-12-30 10:56:40,322 - ERROR - [ERROR] Singlet job for Heptazine is not completed yet.
2024-12-30 10:56:40,322 - ERROR - Directory /bighome/ali/Projects/Functional_Optimizer/Bayesian_Optimization_v2/a1_0.5377679245297982_b1_-0.2552636069307148_a2_0.6934820935121304_b2_-0.10046581968933588_S does not exist.
2024-12-30 10:56:40,322 - ERROR - [ERROR] Singlet job for Heptazine is not completed yet.
2024-12-30 10:56:40,322 - ERROR - Skipping molecule Heptazine after failed retries.
2024-12-30 10:56:40,322 - INFO - Processing molecule: Cyclazine
2024-12-30 10:56:40,322 - ERROR - [ERROR] Singlet job for Cyclazine is not completed yet.
2024-12-30 10:56:40,322 - ERROR - Directory /bighome/ali/Projects/Functional_Optimizer/Bayesian_Optimization_v2/a1_0.5377679245297982_b1_-0.2552636069307148_a2_0.6934820935121304_b2_-0.10046581968933588_S does not exist.
2024-12-30 10:56:40,322 - ERROR - [ERROR] Singlet job for Cyclazine is not completed yet.
2024-12-30 10:56:40,322 - ERROR - Skipping molecule Cyclazine after failed retries.
2024-12-30 10:56:40,324 - INFO - build_posterior_wrapper took 0.001319 seconds
2024-12-30 10:56:40,324 - INFO - TPE using 8/8 trials with best loss inf
2024-12-30 10:56:40,338 - INFO - Successfully generated input file for Heptazine at a1_0.45_b1_-0.23_a2_0.72_b2_-0.12_S/Heptazine_a1_0.45_b1_-0.23_a2_0.72_b2_-0.12_S.inp
2024-12-30 10:56:40,339 - INFO - Submitting job for Heptazine in directory a1_0.45_b1_-0.23_a2_0.72_b2_-0.12_S
2024-12-30 10:56:40,357 - INFO - Job submitted for Heptazine with ID: Submitted batch job 4326512
2024-12-30 10:56:40,369 - INFO - Successfully generated input file for Cyclazine at a1_0.45_b1_-0.23_a2_0.72_b2_-0.12_S/Cyclazine_a1_0.45_b1_-0.23_a2_0.72_b2_-0.12_S.inp
2024-12-30 10:56:40,370 - INFO - Submitting job for Cyclazine in directory a1_0.45_b1_-0.23_a2_0.72_b2_-0.12_S
2024-12-30 10:56:40,388 - INFO - Job submitted for Cyclazine with ID: Submitted batch job 4326513
2024-12-30 10:56:40,388 - INFO - Processing molecule: Heptazine
2024-12-30 10:56:40,389 - ERROR - [ERROR] Singlet job for Heptazine is not completed yet.
2024-12-30 10:56:40,389 - ERROR - Directory /bighome/ali/Projects/Functional_Optimizer/Bayesian_Optimization_v2/a1_0.4523957729469391_b1_-0.22946975986304874_a2_0.720143110356667_b2_-0.11703333580325795_S does not exist.
2024-12-30 10:56:40,389 - ERROR - [ERROR] Singlet job for Heptazine is not completed yet.
2024-12-30 10:56:40,389 - ERROR - Skipping molecule Heptazine after failed retries.
2024-12-30 10:56:40,389 - INFO - Processing molecule: Cyclazine
2024-12-30 10:56:40,389 - ERROR - [ERROR] Singlet job for Cyclazine is not completed yet.
2024-12-30 10:56:40,389 - ERROR - Directory /bighome/ali/Projects/Functional_Optimizer/Bayesian_Optimization_v2/a1_0.4523957729469391_b1_-0.22946975986304874_a2_0.720143110356667_b2_-0.11703333580325795_S does not exist.
2024-12-30 10:56:40,389 - ERROR - [ERROR] Singlet job for Cyclazine is not completed yet.
2024-12-30 10:56:40,389 - ERROR - Skipping molecule Cyclazine after failed retries.
2024-12-30 10:56:40,391 - INFO - build_posterior_wrapper took 0.001323 seconds
2024-12-30 10:56:40,391 - INFO - TPE using 9/9 trials with best loss inf
2024-12-30 10:56:40,406 - INFO - Successfully generated input file for Heptazine at a1_0.50_b1_-0.19_a2_0.64_b2_-0.10_S/Heptazine_a1_0.50_b1_-0.19_a2_0.64_b2_-0.10_S.inp
2024-12-30 10:56:40,407 - INFO - Submitting job for Heptazine in directory a1_0.50_b1_-0.19_a2_0.64_b2_-0.10_S
2024-12-30 10:56:40,425 - INFO - Job submitted for Heptazine with ID: Submitted batch job 4326514
2024-12-30 10:56:40,437 - INFO - Successfully generated input file for Cyclazine at a1_0.50_b1_-0.19_a2_0.64_b2_-0.10_S/Cyclazine_a1_0.50_b1_-0.19_a2_0.64_b2_-0.10_S.inp
2024-12-30 10:56:40,438 - INFO - Submitting job for Cyclazine in directory a1_0.50_b1_-0.19_a2_0.64_b2_-0.10_S
2024-12-30 10:56:40,456 - INFO - Job submitted for Cyclazine with ID: Submitted batch job 4326515
2024-12-30 10:56:40,456 - INFO - Processing molecule: Heptazine
2024-12-30 10:56:40,457 - ERROR - [ERROR] Singlet job for Heptazine is not completed yet.
2024-12-30 10:56:40,457 - ERROR - Directory /bighome/ali/Projects/Functional_Optimizer/Bayesian_Optimization_v2/a1_0.5018463112625123_b1_-0.19241986112375295_a2_0.6435499686232925_b2_-0.1023380035674547_S does not exist.
2024-12-30 10:56:40,457 - ERROR - [ERROR] Singlet job for Heptazine is not completed yet.
2024-12-30 10:56:40,457 - ERROR - Skipping molecule Heptazine after failed retries.
2024-12-30 10:56:40,457 - INFO - Processing molecule: Cyclazine
2024-12-30 10:56:40,457 - ERROR - [ERROR] Singlet job for Cyclazine is not completed yet.
2024-12-30 10:56:40,457 - ERROR - Directory /bighome/ali/Projects/Functional_Optimizer/Bayesian_Optimization_v2/a1_0.5018463112625123_b1_-0.19241986112375295_a2_0.6435499686232925_b2_-0.1023380035674547_S does not exist.
2024-12-30 10:56:40,457 - ERROR - [ERROR] Singlet job for Cyclazine is not completed yet.
2024-12-30 10:56:40,457 - ERROR - Skipping molecule Cyclazine after failed retries.
2024-12-30 10:56:40,459 - INFO - build_posterior_wrapper took 0.001337 seconds
2024-12-30 10:56:40,459 - INFO - TPE using 10/10 trials with best loss inf
2024-12-30 10:56:40,474 - INFO - Successfully generated input file for Heptazine at a1_0.52_b1_-0.18_a2_0.71_b2_-0.09_S/Heptazine_a1_0.52_b1_-0.18_a2_0.71_b2_-0.09_S.inp
2024-12-30 10:56:40,475 - INFO - Submitting job for Heptazine in directory a1_0.52_b1_-0.18_a2_0.71_b2_-0.09_S
2024-12-30 10:56:40,493 - INFO - Job submitted for Heptazine with ID: Submitted batch job 4326516
2024-12-30 10:56:40,506 - INFO - Successfully generated input file for Cyclazine at a1_0.52_b1_-0.18_a2_0.71_b2_-0.09_S/Cyclazine_a1_0.52_b1_-0.18_a2_0.71_b2_-0.09_S.inp
2024-12-30 10:56:40,507 - INFO - Submitting job for Cyclazine in directory a1_0.52_b1_-0.18_a2_0.71_b2_-0.09_S
2024-12-30 10:56:40,525 - INFO - Job submitted for Cyclazine with ID: Submitted batch job 4326517
2024-12-30 10:56:40,525 - INFO - Processing molecule: Heptazine
2024-12-30 10:56:40,525 - ERROR - [ERROR] Singlet job for Heptazine is not completed yet.
2024-12-30 10:56:40,525 - ERROR - Directory /bighome/ali/Projects/Functional_Optimizer/Bayesian_Optimization_v2/a1_0.5153521693088031_b1_-0.18200208450389033_a2_0.7070734839258357_b2_-0.08682978704341976_S does not exist.
2024-12-30 10:56:40,525 - ERROR - [ERROR] Singlet job for Heptazine is not completed yet.
2024-12-30 10:56:40,526 - ERROR - Skipping molecule Heptazine after failed retries.
2024-12-30 10:56:40,526 - INFO - Processing molecule: Cyclazine
2024-12-30 10:56:40,526 - ERROR - [ERROR] Singlet job for Cyclazine is not completed yet.
2024-12-30 10:56:40,526 - ERROR - Directory /bighome/ali/Projects/Functional_Optimizer/Bayesian_Optimization_v2/a1_0.5153521693088031_b1_-0.18200208450389033_a2_0.7070734839258357_b2_-0.08682978704341976_S does not exist.
2024-12-30 10:56:40,526 - ERROR - [ERROR] Singlet job for Cyclazine is not completed yet.
2024-12-30 10:56:40,526 - ERROR - Skipping molecule Cyclazine after failed retries.
2024-12-30 10:56:40,527 - INFO - build_posterior_wrapper took 0.001299 seconds
2024-12-30 10:56:40,527 - INFO - TPE using 11/11 trials with best loss inf
2024-12-30 10:56:40,542 - INFO - Successfully generated input file for Heptazine at a1_0.54_b1_-0.25_a2_0.64_b2_-0.09_S/Heptazine_a1_0.54_b1_-0.25_a2_0.64_b2_-0.09_S.inp
2024-12-30 10:56:40,543 - INFO - Submitting job for Heptazine in directory a1_0.54_b1_-0.25_a2_0.64_b2_-0.09_S
2024-12-30 10:56:40,561 - INFO - Job submitted for Heptazine with ID: Submitted batch job 4326518
2024-12-30 10:56:40,574 - INFO - Successfully generated input file for Cyclazine at a1_0.54_b1_-0.25_a2_0.64_b2_-0.09_S/Cyclazine_a1_0.54_b1_-0.25_a2_0.64_b2_-0.09_S.inp
2024-12-30 10:56:40,575 - INFO - Submitting job for Cyclazine in directory a1_0.54_b1_-0.25_a2_0.64_b2_-0.09_S
2024-12-30 10:56:40,593 - INFO - Job submitted for Cyclazine with ID: Submitted batch job 4326519
2024-12-30 10:56:40,593 - INFO - Processing molecule: Heptazine
2024-12-30 10:56:40,593 - ERROR - [ERROR] Singlet job for Heptazine is not completed yet.
2024-12-30 10:56:40,593 - ERROR - Directory /bighome/ali/Projects/Functional_Optimizer/Bayesian_Optimization_v2/a1_0.5413184733060701_b1_-0.24516506711814495_a2_0.6401321165743706_b2_-0.09177695683471754_S does not exist.
2024-12-30 10:56:40,593 - ERROR - [ERROR] Singlet job for Heptazine is not completed yet.
2024-12-30 10:56:40,594 - ERROR - Skipping molecule Heptazine after failed retries.
2024-12-30 10:56:40,594 - INFO - Processing molecule: Cyclazine
2024-12-30 10:56:40,594 - ERROR - [ERROR] Singlet job for Cyclazine is not completed yet.
2024-12-30 10:56:40,594 - ERROR - Directory /bighome/ali/Projects/Functional_Optimizer/Bayesian_Optimization_v2/a1_0.5413184733060701_b1_-0.24516506711814495_a2_0.6401321165743706_b2_-0.09177695683471754_S does not exist.
2024-12-30 10:56:40,594 - ERROR - [ERROR] Singlet job for Cyclazine is not completed yet.
2024-12-30 10:56:40,594 - ERROR - Skipping molecule Cyclazine after failed retries.
2024-12-30 10:56:40,596 - INFO - build_posterior_wrapper took 0.001345 seconds
2024-12-30 10:56:40,596 - INFO - TPE using 12/12 trials with best loss inf
2024-12-30 10:56:40,610 - INFO - Successfully generated input file for Heptazine at a1_0.51_b1_-0.28_a2_0.65_b2_-0.11_S/Heptazine_a1_0.51_b1_-0.28_a2_0.65_b2_-0.11_S.inp
2024-12-30 10:56:40,611 - INFO - Submitting job for Heptazine in directory a1_0.51_b1_-0.28_a2_0.65_b2_-0.11_S
2024-12-30 10:56:40,629 - INFO - Job submitted for Heptazine with ID: Submitted batch job 4326520
2024-12-30 10:56:40,642 - INFO - Successfully generated input file for Cyclazine at a1_0.51_b1_-0.28_a2_0.65_b2_-0.11_S/Cyclazine_a1_0.51_b1_-0.28_a2_0.65_b2_-0.11_S.inp
2024-12-30 10:56:40,643 - INFO - Submitting job for Cyclazine in directory a1_0.51_b1_-0.28_a2_0.65_b2_-0.11_S
2024-12-30 10:56:40,662 - INFO - Job submitted for Cyclazine with ID: Submitted batch job 4326521
2024-12-30 10:56:40,662 - INFO - Processing molecule: Heptazine
2024-12-30 10:56:40,663 - ERROR - [ERROR] Singlet job for Heptazine is not completed yet.
2024-12-30 10:56:40,663 - ERROR - Directory /bighome/ali/Projects/Functional_Optimizer/Bayesian_Optimization_v2/a1_0.5113202993140826_b1_-0.2788502068754225_a2_0.6452102776054619_b2_-0.11354836030055176_S does not exist.
2024-12-30 10:56:40,663 - ERROR - [ERROR] Singlet job for Heptazine is not completed yet.
2024-12-30 10:56:40,663 - ERROR - Skipping molecule Heptazine after failed retries.
2024-12-30 10:56:40,663 - INFO - Processing molecule: Cyclazine
2024-12-30 10:56:40,663 - ERROR - [ERROR] Singlet job for Cyclazine is not completed yet.
2024-12-30 10:56:40,663 - ERROR - Directory /bighome/ali/Projects/Functional_Optimizer/Bayesian_Optimization_v2/a1_0.5113202993140826_b1_-0.2788502068754225_a2_0.6452102776054619_b2_-0.11354836030055176_S does not exist.
2024-12-30 10:56:40,663 - ERROR - [ERROR] Singlet job for Cyclazine is not completed yet.
2024-12-30 10:56:40,663 - ERROR - Skipping molecule Cyclazine after failed retries.
2024-12-30 10:56:40,665 - INFO - build_posterior_wrapper took 0.001270 seconds
2024-12-30 10:56:40,665 - INFO - TPE using 13/13 trials with best loss inf
2024-12-30 10:56:40,678 - INFO - Successfully generated input file for Heptazine at a1_0.47_b1_-0.20_a2_0.67_b2_-0.12_S/Heptazine_a1_0.47_b1_-0.20_a2_0.67_b2_-0.12_S.inp
2024-12-30 10:56:40,679 - INFO - Submitting job for Heptazine in directory a1_0.47_b1_-0.20_a2_0.67_b2_-0.12_S
2024-12-30 10:56:40,697 - INFO - Job submitted for Heptazine with ID: Submitted batch job 4326522
2024-12-30 10:56:40,709 - INFO - Successfully generated input file for Cyclazine at a1_0.47_b1_-0.20_a2_0.67_b2_-0.12_S/Cyclazine_a1_0.47_b1_-0.20_a2_0.67_b2_-0.12_S.inp
2024-12-30 10:56:40,710 - INFO - Submitting job for Cyclazine in directory a1_0.47_b1_-0.20_a2_0.67_b2_-0.12_S
2024-12-30 10:56:40,728 - INFO - Job submitted for Cyclazine with ID: Submitted batch job 4326523
2024-12-30 10:56:40,728 - INFO - Processing molecule: Heptazine
2024-12-30 10:56:40,729 - ERROR - [ERROR] Singlet job for Heptazine is not completed yet.
2024-12-30 10:56:40,729 - ERROR - Directory /bighome/ali/Projects/Functional_Optimizer/Bayesian_Optimization_v2/a1_0.47042023689459717_b1_-0.20288189689000605_a2_0.672906426448024_b2_-0.11515543131365648_S does not exist.
2024-12-30 10:56:40,729 - ERROR - [ERROR] Singlet job for Heptazine is not completed yet.
2024-12-30 10:56:40,729 - ERROR - Skipping molecule Heptazine after failed retries.
2024-12-30 10:56:40,729 - INFO - Processing molecule: Cyclazine
2024-12-30 10:56:40,729 - ERROR - [ERROR] Singlet job for Cyclazine is not completed yet.
2024-12-30 10:56:40,729 - ERROR - Directory /bighome/ali/Projects/Functional_Optimizer/Bayesian_Optimization_v2/a1_0.47042023689459717_b1_-0.20288189689000605_a2_0.672906426448024_b2_-0.11515543131365648_S does not exist.
2024-12-30 10:56:40,729 - ERROR - [ERROR] Singlet job for Cyclazine is not completed yet.
2024-12-30 10:56:40,729 - ERROR - Skipping molecule Cyclazine after failed retries.
2024-12-30 10:56:40,731 - INFO - build_posterior_wrapper took 0.001323 seconds
2024-12-30 10:56:40,731 - INFO - TPE using 14/14 trials with best loss inf
2024-12-30 10:56:40,745 - INFO - Successfully generated input file for Heptazine at a1_0.48_b1_-0.21_a2_0.71_b2_-0.11_S/Heptazine_a1_0.48_b1_-0.21_a2_0.71_b2_-0.11_S.inp
2024-12-30 10:56:40,746 - INFO - Submitting job for Heptazine in directory a1_0.48_b1_-0.21_a2_0.71_b2_-0.11_S
2024-12-30 10:56:40,764 - INFO - Job submitted for Heptazine with ID: Submitted batch job 4326524
2024-12-30 10:56:40,776 - INFO - Successfully generated input file for Cyclazine at a1_0.48_b1_-0.21_a2_0.71_b2_-0.11_S/Cyclazine_a1_0.48_b1_-0.21_a2_0.71_b2_-0.11_S.inp
2024-12-30 10:56:40,777 - INFO - Submitting job for Cyclazine in directory a1_0.48_b1_-0.21_a2_0.71_b2_-0.11_S
2024-12-30 10:56:40,795 - INFO - Job submitted for Cyclazine with ID: Submitted batch job 4326525
2024-12-30 10:56:40,796 - INFO - Processing molecule: Heptazine
2024-12-30 10:56:40,796 - ERROR - [ERROR] Singlet job for Heptazine is not completed yet.
2024-12-30 10:56:40,796 - ERROR - Directory /bighome/ali/Projects/Functional_Optimizer/Bayesian_Optimization_v2/a1_0.4791032286681772_b1_-0.20772643659943557_a2_0.7097090189763386_b2_-0.10921401239878151_S does not exist.
2024-12-30 10:56:40,796 - ERROR - [ERROR] Singlet job for Heptazine is not completed yet.
2024-12-30 10:56:40,796 - ERROR - Skipping molecule Heptazine after failed retries.
2024-12-30 10:56:40,796 - INFO - Processing molecule: Cyclazine
2024-12-30 10:56:40,796 - ERROR - [ERROR] Singlet job for Cyclazine is not completed yet.
2024-12-30 10:56:40,797 - ERROR - Directory /bighome/ali/Projects/Functional_Optimizer/Bayesian_Optimization_v2/a1_0.4791032286681772_b1_-0.20772643659943557_a2_0.7097090189763386_b2_-0.10921401239878151_S does not exist.
2024-12-30 10:56:40,797 - ERROR - [ERROR] Singlet job for Cyclazine is not completed yet.
2024-12-30 10:56:40,797 - ERROR - Skipping molecule Cyclazine after failed retries.
2024-12-30 10:56:40,798 - INFO - build_posterior_wrapper took 0.001301 seconds
2024-12-30 10:56:40,798 - INFO - TPE using 15/15 trials with best loss inf
2024-12-30 10:56:40,814 - INFO - Successfully generated input file for Heptazine at a1_0.48_b1_-0.21_a2_0.61_b2_-0.09_S/Heptazine_a1_0.48_b1_-0.21_a2_0.61_b2_-0.09_S.inp
2024-12-30 10:56:40,815 - INFO - Submitting job for Heptazine in directory a1_0.48_b1_-0.21_a2_0.61_b2_-0.09_S
2024-12-30 10:56:40,839 - INFO - Job submitted for Heptazine with ID: Submitted batch job 4326526
2024-12-30 10:56:40,851 - INFO - Successfully generated input file for Cyclazine at a1_0.48_b1_-0.21_a2_0.61_b2_-0.09_S/Cyclazine_a1_0.48_b1_-0.21_a2_0.61_b2_-0.09_S.inp
2024-12-30 10:56:40,852 - INFO - Submitting job for Cyclazine in directory a1_0.48_b1_-0.21_a2_0.61_b2_-0.09_S
2024-12-30 10:56:40,870 - INFO - Job submitted for Cyclazine with ID: Submitted batch job 4326527
2024-12-30 10:56:40,871 - INFO - Processing molecule: Heptazine
2024-12-30 10:56:40,871 - ERROR - [ERROR] Singlet job for Heptazine is not completed yet.
2024-12-30 10:56:40,871 - ERROR - Directory /bighome/ali/Projects/Functional_Optimizer/Bayesian_Optimization_v2/a1_0.48092044653134247_b1_-0.20968649336726541_a2_0.608411045283995_b2_-0.08817943526505127_S does not exist.
2024-12-30 10:56:40,871 - ERROR - [ERROR] Singlet job for Heptazine is not completed yet.
2024-12-30 10:56:40,871 - ERROR - Skipping molecule Heptazine after failed retries.
2024-12-30 10:56:40,871 - INFO - Processing molecule: Cyclazine
2024-12-30 10:56:40,871 - ERROR - [ERROR] Singlet job for Cyclazine is not completed yet.
2024-12-30 10:56:40,871 - ERROR - Directory /bighome/ali/Projects/Functional_Optimizer/Bayesian_Optimization_v2/a1_0.48092044653134247_b1_-0.20968649336726541_a2_0.608411045283995_b2_-0.08817943526505127_S does not exist.
2024-12-30 10:56:40,871 - ERROR - [ERROR] Singlet job for Cyclazine is not completed yet.
2024-12-30 10:56:40,871 - ERROR - Skipping molecule Cyclazine after failed retries.
2024-12-30 10:56:40,873 - INFO - build_posterior_wrapper took 0.001356 seconds
2024-12-30 10:56:40,873 - INFO - TPE using 16/16 trials with best loss inf
2024-12-30 10:56:40,887 - INFO - Successfully generated input file for Heptazine at a1_0.52_b1_-0.20_a2_0.69_b2_-0.11_S/Heptazine_a1_0.52_b1_-0.20_a2_0.69_b2_-0.11_S.inp
2024-12-30 10:56:40,888 - INFO - Submitting job for Heptazine in directory a1_0.52_b1_-0.20_a2_0.69_b2_-0.11_S
2024-12-30 10:56:40,906 - INFO - Job submitted for Heptazine with ID: Submitted batch job 4326528
2024-12-30 10:56:40,918 - INFO - Successfully generated input file for Cyclazine at a1_0.52_b1_-0.20_a2_0.69_b2_-0.11_S/Cyclazine_a1_0.52_b1_-0.20_a2_0.69_b2_-0.11_S.inp
2024-12-30 10:56:40,919 - INFO - Submitting job for Cyclazine in directory a1_0.52_b1_-0.20_a2_0.69_b2_-0.11_S
2024-12-30 10:56:40,937 - INFO - Job submitted for Cyclazine with ID: Submitted batch job 4326529
2024-12-30 10:56:40,937 - INFO - Processing molecule: Heptazine
2024-12-30 10:56:40,947 - ERROR - [ERROR] Singlet job for Heptazine is not completed yet.
2024-12-30 10:56:40,948 - ERROR - Directory /bighome/ali/Projects/Functional_Optimizer/Bayesian_Optimization_v2/a1_0.5244198659756872_b1_-0.20499183350966582_a2_0.6865563324588073_b2_-0.11436255211037781_S does not exist.
2024-12-30 10:56:40,948 - ERROR - [ERROR] Singlet job for Heptazine is not completed yet.
2024-12-30 10:56:40,948 - ERROR - Skipping molecule Heptazine after failed retries.
2024-12-30 10:56:40,948 - INFO - Processing molecule: Cyclazine
2024-12-30 10:56:40,948 - ERROR - [ERROR] Singlet job for Cyclazine is not completed yet.
2024-12-30 10:56:40,948 - ERROR - Directory /bighome/ali/Projects/Functional_Optimizer/Bayesian_Optimization_v2/a1_0.5244198659756872_b1_-0.20499183350966582_a2_0.6865563324588073_b2_-0.11436255211037781_S does not exist.
2024-12-30 10:56:40,948 - ERROR - [ERROR] Singlet job for Cyclazine is not completed yet.
2024-12-30 10:56:40,948 - ERROR - Skipping molecule Cyclazine after failed retries.
2024-12-30 10:56:40,950 - INFO - build_posterior_wrapper took 0.001339 seconds
2024-12-30 10:56:40,950 - INFO - TPE using 17/17 trials with best loss inf
2024-12-30 10:56:41,004 - INFO - Successfully generated input file for Heptazine at a1_0.52_b1_-0.18_a2_0.61_b2_-0.09_S/Heptazine_a1_0.52_b1_-0.18_a2_0.61_b2_-0.09_S.inp
2024-12-30 10:56:41,005 - INFO - Submitting job for Heptazine in directory a1_0.52_b1_-0.18_a2_0.61_b2_-0.09_S
2024-12-30 10:56:41,023 - INFO - Job submitted for Heptazine with ID: Submitted batch job 4326530
2024-12-30 10:56:41,035 - INFO - Successfully generated input file for Cyclazine at a1_0.52_b1_-0.18_a2_0.61_b2_-0.09_S/Cyclazine_a1_0.52_b1_-0.18_a2_0.61_b2_-0.09_S.inp
2024-12-30 10:56:41,036 - INFO - Submitting job for Cyclazine in directory a1_0.52_b1_-0.18_a2_0.61_b2_-0.09_S
2024-12-30 10:56:41,054 - INFO - Job submitted for Cyclazine with ID: Submitted batch job 4326531
2024-12-30 10:56:41,054 - INFO - Processing molecule: Heptazine
2024-12-30 10:56:41,054 - ERROR - [ERROR] Singlet job for Heptazine is not completed yet.
2024-12-30 10:56:41,054 - ERROR - Directory /bighome/ali/Projects/Functional_Optimizer/Bayesian_Optimization_v2/a1_0.517953610754235_b1_-0.1830166659828171_a2_0.6087252487860085_b2_-0.09495175906806004_S does not exist.
2024-12-30 10:56:41,054 - ERROR - [ERROR] Singlet job for Heptazine is not completed yet.
2024-12-30 10:56:41,055 - ERROR - Skipping molecule Heptazine after failed retries.
2024-12-30 10:56:41,055 - INFO - Processing molecule: Cyclazine
2024-12-30 10:56:41,055 - ERROR - [ERROR] Singlet job for Cyclazine is not completed yet.
2024-12-30 10:56:41,055 - ERROR - Directory /bighome/ali/Projects/Functional_Optimizer/Bayesian_Optimization_v2/a1_0.517953610754235_b1_-0.1830166659828171_a2_0.6087252487860085_b2_-0.09495175906806004_S does not exist.
2024-12-30 10:56:41,055 - ERROR - [ERROR] Singlet job for Cyclazine is not completed yet.
2024-12-30 10:56:41,055 - ERROR - Skipping molecule Cyclazine after failed retries.
2024-12-30 10:56:41,057 - INFO - build_posterior_wrapper took 0.001341 seconds
2024-12-30 10:56:41,057 - INFO - TPE using 18/18 trials with best loss inf
2024-12-30 10:56:41,071 - INFO - Successfully generated input file for Heptazine at a1_0.54_b1_-0.19_a2_0.66_b2_-0.09_S/Heptazine_a1_0.54_b1_-0.19_a2_0.66_b2_-0.09_S.inp
2024-12-30 10:56:41,072 - INFO - Submitting job for Heptazine in directory a1_0.54_b1_-0.19_a2_0.66_b2_-0.09_S
2024-12-30 10:56:41,090 - INFO - Job submitted for Heptazine with ID: Submitted batch job 4326532
2024-12-30 10:56:41,102 - INFO - Successfully generated input file for Cyclazine at a1_0.54_b1_-0.19_a2_0.66_b2_-0.09_S/Cyclazine_a1_0.54_b1_-0.19_a2_0.66_b2_-0.09_S.inp
2024-12-30 10:56:41,103 - INFO - Submitting job for Cyclazine in directory a1_0.54_b1_-0.19_a2_0.66_b2_-0.09_S
2024-12-30 10:56:41,121 - INFO - Job submitted for Cyclazine with ID: Submitted batch job 4326533
2024-12-30 10:56:41,121 - INFO - Processing molecule: Heptazine
2024-12-30 10:56:41,122 - ERROR - [ERROR] Singlet job for Heptazine is not completed yet.
2024-12-30 10:56:41,122 - ERROR - Directory /bighome/ali/Projects/Functional_Optimizer/Bayesian_Optimization_v2/a1_0.5405343875848165_b1_-0.19059573423708165_a2_0.6584272660082441_b2_-0.08722185988151326_S does not exist.
2024-12-30 10:56:41,122 - ERROR - [ERROR] Singlet job for Heptazine is not completed yet.
2024-12-30 10:56:41,122 - ERROR - Skipping molecule Heptazine after failed retries.
2024-12-30 10:56:41,122 - INFO - Processing molecule: Cyclazine
2024-12-30 10:56:41,122 - ERROR - [ERROR] Singlet job for Cyclazine is not completed yet.
2024-12-30 10:56:41,122 - ERROR - Directory /bighome/ali/Projects/Functional_Optimizer/Bayesian_Optimization_v2/a1_0.5405343875848165_b1_-0.19059573423708165_a2_0.6584272660082441_b2_-0.08722185988151326_S does not exist.
2024-12-30 10:56:41,122 - ERROR - [ERROR] Singlet job for Cyclazine is not completed yet.
2024-12-30 10:56:41,122 - ERROR - Skipping molecule Cyclazine after failed retries.
2024-12-30 10:56:41,123 - INFO - build_posterior_wrapper took 0.001330 seconds
2024-12-30 10:56:41,124 - INFO - TPE using 19/19 trials with best loss inf
2024-12-30 10:56:41,138 - INFO - Successfully generated input file for Heptazine at a1_0.53_b1_-0.22_a2_0.63_b2_-0.10_S/Heptazine_a1_0.53_b1_-0.22_a2_0.63_b2_-0.10_S.inp
2024-12-30 10:56:41,139 - INFO - Submitting job for Heptazine in directory a1_0.53_b1_-0.22_a2_0.63_b2_-0.10_S
2024-12-30 10:56:41,159 - INFO - Job submitted for Heptazine with ID: Submitted batch job 4326534
2024-12-30 10:56:41,170 - INFO - Successfully generated input file for Cyclazine at a1_0.53_b1_-0.22_a2_0.63_b2_-0.10_S/Cyclazine_a1_0.53_b1_-0.22_a2_0.63_b2_-0.10_S.inp
2024-12-30 10:56:41,171 - INFO - Submitting job for Cyclazine in directory a1_0.53_b1_-0.22_a2_0.63_b2_-0.10_S
2024-12-30 10:56:41,189 - INFO - Job submitted for Cyclazine with ID: Submitted batch job 4326535
2024-12-30 10:56:41,189 - INFO - Processing molecule: Heptazine
2024-12-30 10:56:41,189 - ERROR - [ERROR] Singlet job for Heptazine is not completed yet.
2024-12-30 10:56:41,189 - ERROR - Directory /bighome/ali/Projects/Functional_Optimizer/Bayesian_Optimization_v2/a1_0.5302367601393494_b1_-0.22239471419602144_a2_0.6325590307620793_b2_-0.09500103729712842_S does not exist.
2024-12-30 10:56:41,189 - ERROR - [ERROR] Singlet job for Heptazine is not completed yet.
2024-12-30 10:56:41,189 - ERROR - Skipping molecule Heptazine after failed retries.
2024-12-30 10:56:41,189 - INFO - Processing molecule: Cyclazine
2024-12-30 10:56:41,189 - ERROR - [ERROR] Singlet job for Cyclazine is not completed yet.
2024-12-30 10:56:41,190 - ERROR - Directory /bighome/ali/Projects/Functional_Optimizer/Bayesian_Optimization_v2/a1_0.5302367601393494_b1_-0.22239471419602144_a2_0.6325590307620793_b2_-0.09500103729712842_S does not exist.
2024-12-30 10:56:41,190 - ERROR - [ERROR] Singlet job for Cyclazine is not completed yet.
2024-12-30 10:56:41,190 - ERROR - Skipping molecule Cyclazine after failed retries.
2024-12-30 10:56:41,192 - INFO - build_posterior_wrapper took 0.001337 seconds
2024-12-30 10:56:41,192 - INFO - TPE using 20/20 trials with best loss inf
2024-12-30 10:56:41,214 - INFO - Successfully generated input file for Heptazine at a1_0.46_b1_-0.27_a2_0.74_b2_-0.08_S/Heptazine_a1_0.46_b1_-0.27_a2_0.74_b2_-0.08_S.inp
2024-12-30 10:56:41,215 - INFO - Submitting job for Heptazine in directory a1_0.46_b1_-0.27_a2_0.74_b2_-0.08_S
2024-12-30 10:56:41,233 - INFO - Job submitted for Heptazine with ID: Submitted batch job 4326536
2024-12-30 10:56:41,244 - INFO - Successfully generated input file for Cyclazine at a1_0.46_b1_-0.27_a2_0.74_b2_-0.08_S/Cyclazine_a1_0.46_b1_-0.27_a2_0.74_b2_-0.08_S.inp
2024-12-30 10:56:41,245 - INFO - Submitting job for Cyclazine in directory a1_0.46_b1_-0.27_a2_0.74_b2_-0.08_S
2024-12-30 10:56:41,263 - INFO - Job submitted for Cyclazine with ID: Submitted batch job 4326537
2024-12-30 10:56:41,263 - INFO - Processing molecule: Heptazine
2024-12-30 10:56:41,264 - ERROR - [ERROR] Singlet job for Heptazine is not completed yet.
2024-12-30 10:56:41,264 - ERROR - Directory /bighome/ali/Projects/Functional_Optimizer/Bayesian_Optimization_v2/a1_0.4582034147665715_b1_-0.2665079978945027_a2_0.7399711909642452_b2_-0.08032468160992517_S does not exist.
2024-12-30 10:56:41,264 - ERROR - [ERROR] Singlet job for Heptazine is not completed yet.
2024-12-30 10:56:41,264 - ERROR - Skipping molecule Heptazine after failed retries.
2024-12-30 10:56:41,264 - INFO - Processing molecule: Cyclazine
2024-12-30 10:56:41,264 - ERROR - [ERROR] Singlet job for Cyclazine is not completed yet.
2024-12-30 10:56:41,264 - ERROR - Directory /bighome/ali/Projects/Functional_Optimizer/Bayesian_Optimization_v2/a1_0.4582034147665715_b1_-0.2665079978945027_a2_0.7399711909642452_b2_-0.08032468160992517_S does not exist.
2024-12-30 10:56:41,264 - ERROR - [ERROR] Singlet job for Cyclazine is not completed yet.
2024-12-30 10:56:41,264 - ERROR - Skipping molecule Cyclazine after failed retries.
2024-12-30 10:56:41,266 - INFO - build_posterior_wrapper took 0.001315 seconds
2024-12-30 10:56:41,266 - INFO - TPE using 21/21 trials with best loss inf
2024-12-30 10:56:41,286 - INFO - Successfully generated input file for Heptazine at a1_0.49_b1_-0.25_a2_0.74_b2_-0.12_S/Heptazine_a1_0.49_b1_-0.25_a2_0.74_b2_-0.12_S.inp
2024-12-30 10:56:41,287 - INFO - Submitting job for Heptazine in directory a1_0.49_b1_-0.25_a2_0.74_b2_-0.12_S
2024-12-30 10:56:41,304 - INFO - Job submitted for Heptazine with ID: Submitted batch job 4326538
2024-12-30 10:56:41,364 - INFO - Successfully generated input file for Cyclazine at a1_0.49_b1_-0.25_a2_0.74_b2_-0.12_S/Cyclazine_a1_0.49_b1_-0.25_a2_0.74_b2_-0.12_S.inp
2024-12-30 10:56:41,365 - INFO - Submitting job for Cyclazine in directory a1_0.49_b1_-0.25_a2_0.74_b2_-0.12_S
2024-12-30 10:56:41,383 - INFO - Job submitted for Cyclazine with ID: Submitted batch job 4326539
2024-12-30 10:56:41,383 - INFO - Processing molecule: Heptazine
2024-12-30 10:56:41,383 - ERROR - [ERROR] Singlet job for Heptazine is not completed yet.
2024-12-30 10:56:41,383 - ERROR - Directory /bighome/ali/Projects/Functional_Optimizer/Bayesian_Optimization_v2/a1_0.4918556952833028_b1_-0.24503431483283494_a2_0.7442302049096644_b2_-0.11994420245289376_S does not exist.
2024-12-30 10:56:41,383 - ERROR - [ERROR] Singlet job for Heptazine is not completed yet.
2024-12-30 10:56:41,383 - ERROR - Skipping molecule Heptazine after failed retries.
2024-12-30 10:56:41,383 - INFO - Processing molecule: Cyclazine
2024-12-30 10:56:41,383 - ERROR - [ERROR] Singlet job for Cyclazine is not completed yet.
2024-12-30 10:56:41,384 - ERROR - Directory /bighome/ali/Projects/Functional_Optimizer/Bayesian_Optimization_v2/a1_0.4918556952833028_b1_-0.24503431483283494_a2_0.7442302049096644_b2_-0.11994420245289376_S does not exist.
2024-12-30 10:56:41,384 - ERROR - [ERROR] Singlet job for Cyclazine is not completed yet.
2024-12-30 10:56:41,384 - ERROR - Skipping molecule Cyclazine after failed retries.
2024-12-30 10:56:41,386 - INFO - build_posterior_wrapper took 0.001335 seconds
2024-12-30 10:56:41,386 - INFO - TPE using 22/22 trials with best loss inf
2024-12-30 10:56:41,406 - INFO - Successfully generated input file for Heptazine at a1_0.46_b1_-0.23_a2_0.62_b2_-0.10_S/Heptazine_a1_0.46_b1_-0.23_a2_0.62_b2_-0.10_S.inp
2024-12-30 10:56:41,407 - INFO - Submitting job for Heptazine in directory a1_0.46_b1_-0.23_a2_0.62_b2_-0.10_S
2024-12-30 10:56:41,425 - INFO - Job submitted for Heptazine with ID: Submitted batch job 4326540
2024-12-30 10:56:41,437 - INFO - Successfully generated input file for Cyclazine at a1_0.46_b1_-0.23_a2_0.62_b2_-0.10_S/Cyclazine_a1_0.46_b1_-0.23_a2_0.62_b2_-0.10_S.inp
2024-12-30 10:56:41,437 - INFO - Submitting job for Cyclazine in directory a1_0.46_b1_-0.23_a2_0.62_b2_-0.10_S
2024-12-30 10:56:41,455 - INFO - Job submitted for Cyclazine with ID: Submitted batch job 4326541
2024-12-30 10:56:41,456 - INFO - Processing molecule: Heptazine
2024-12-30 10:56:41,456 - ERROR - [ERROR] Singlet job for Heptazine is not completed yet.
2024-12-30 10:56:41,456 - ERROR - Directory /bighome/ali/Projects/Functional_Optimizer/Bayesian_Optimization_v2/a1_0.4648660457336336_b1_-0.2253021514483982_a2_0.6229228144866948_b2_-0.09743702812285218_S does not exist.
2024-12-30 10:56:41,456 - ERROR - [ERROR] Singlet job for Heptazine is not completed yet.
2024-12-30 10:56:41,456 - ERROR - Skipping molecule Heptazine after failed retries.
2024-12-30 10:56:41,456 - INFO - Processing molecule: Cyclazine
2024-12-30 10:56:41,456 - ERROR - [ERROR] Singlet job for Cyclazine is not completed yet.
2024-12-30 10:56:41,456 - ERROR - Directory /bighome/ali/Projects/Functional_Optimizer/Bayesian_Optimization_v2/a1_0.4648660457336336_b1_-0.2253021514483982_a2_0.6229228144866948_b2_-0.09743702812285218_S does not exist.
2024-12-30 10:56:41,456 - ERROR - [ERROR] Singlet job for Cyclazine is not completed yet.
2024-12-30 10:56:41,456 - ERROR - Skipping molecule Cyclazine after failed retries.
2024-12-30 10:56:41,458 - INFO - build_posterior_wrapper took 0.001288 seconds
2024-12-30 10:56:41,458 - INFO - TPE using 23/23 trials with best loss inf
2024-12-30 10:56:41,509 - INFO - Successfully generated input file for Heptazine at a1_0.45_b1_-0.27_a2_0.75_b2_-0.08_S/Heptazine_a1_0.45_b1_-0.27_a2_0.75_b2_-0.08_S.inp
2024-12-30 10:56:41,510 - INFO - Submitting job for Heptazine in directory a1_0.45_b1_-0.27_a2_0.75_b2_-0.08_S
2024-12-30 10:56:41,527 - INFO - Job submitted for Heptazine with ID: Submitted batch job 4326542
2024-12-30 10:56:41,539 - INFO - Successfully generated input file for Cyclazine at a1_0.45_b1_-0.27_a2_0.75_b2_-0.08_S/Cyclazine_a1_0.45_b1_-0.27_a2_0.75_b2_-0.08_S.inp
2024-12-30 10:56:41,540 - INFO - Submitting job for Cyclazine in directory a1_0.45_b1_-0.27_a2_0.75_b2_-0.08_S
2024-12-30 10:56:41,557 - INFO - Job submitted for Cyclazine with ID: Submitted batch job 4326543
2024-12-30 10:56:41,558 - INFO - Processing molecule: Heptazine
2024-12-30 10:56:41,558 - ERROR - [ERROR] Singlet job for Heptazine is not completed yet.
2024-12-30 10:56:41,558 - ERROR - Directory /bighome/ali/Projects/Functional_Optimizer/Bayesian_Optimization_v2/a1_0.45385988587950005_b1_-0.26799295012621177_a2_0.7486901451072888_b2_-0.08120685531528116_S does not exist.
2024-12-30 10:56:41,558 - ERROR - [ERROR] Singlet job for Heptazine is not completed yet.
2024-12-30 10:56:41,558 - ERROR - Skipping molecule Heptazine after failed retries.
2024-12-30 10:56:41,558 - INFO - Processing molecule: Cyclazine
2024-12-30 10:56:41,558 - ERROR - [ERROR] Singlet job for Cyclazine is not completed yet.
2024-12-30 10:56:41,558 - ERROR - Directory /bighome/ali/Projects/Functional_Optimizer/Bayesian_Optimization_v2/a1_0.45385988587950005_b1_-0.26799295012621177_a2_0.7486901451072888_b2_-0.08120685531528116_S does not exist.
2024-12-30 10:56:41,558 - ERROR - [ERROR] Singlet job for Cyclazine is not completed yet.
2024-12-30 10:56:41,558 - ERROR - Skipping molecule Cyclazine after failed retries.
2024-12-30 10:56:41,560 - INFO - build_posterior_wrapper took 0.001340 seconds
2024-12-30 10:56:41,561 - INFO - TPE using 24/24 trials with best loss inf
2024-12-30 10:56:41,582 - INFO - Successfully generated input file for Heptazine at a1_0.49_b1_-0.24_a2_0.74_b2_-0.12_S/Heptazine_a1_0.49_b1_-0.24_a2_0.74_b2_-0.12_S.inp
2024-12-30 10:56:41,583 - INFO - Submitting job for Heptazine in directory a1_0.49_b1_-0.24_a2_0.74_b2_-0.12_S
2024-12-30 10:56:41,601 - INFO - Job submitted for Heptazine with ID: Submitted batch job 4326544
2024-12-30 10:56:41,613 - INFO - Successfully generated input file for Cyclazine at a1_0.49_b1_-0.24_a2_0.74_b2_-0.12_S/Cyclazine_a1_0.49_b1_-0.24_a2_0.74_b2_-0.12_S.inp
2024-12-30 10:56:41,614 - INFO - Submitting job for Cyclazine in directory a1_0.49_b1_-0.24_a2_0.74_b2_-0.12_S
2024-12-30 10:56:41,632 - INFO - Job submitted for Cyclazine with ID: Submitted batch job 4326545
2024-12-30 10:56:41,632 - INFO - Processing molecule: Heptazine
2024-12-30 10:56:41,632 - ERROR - [ERROR] Singlet job for Heptazine is not completed yet.
2024-12-30 10:56:41,633 - ERROR - Directory /bighome/ali/Projects/Functional_Optimizer/Bayesian_Optimization_v2/a1_0.4913459678902482_b1_-0.24011942277615037_a2_0.7387351323754318_b2_-0.11877599533320499_S does not exist.
2024-12-30 10:56:41,633 - ERROR - [ERROR] Singlet job for Heptazine is not completed yet.
2024-12-30 10:56:41,633 - ERROR - Skipping molecule Heptazine after failed retries.
2024-12-30 10:56:41,633 - INFO - Processing molecule: Cyclazine
2024-12-30 10:56:41,633 - ERROR - [ERROR] Singlet job for Cyclazine is not completed yet.
2024-12-30 10:56:41,633 - ERROR - Directory /bighome/ali/Projects/Functional_Optimizer/Bayesian_Optimization_v2/a1_0.4913459678902482_b1_-0.24011942277615037_a2_0.7387351323754318_b2_-0.11877599533320499_S does not exist.
2024-12-30 10:56:41,633 - ERROR - [ERROR] Singlet job for Cyclazine is not completed yet.
2024-12-30 10:56:41,633 - ERROR - Skipping molecule Cyclazine after failed retries.
2024-12-30 10:56:41,634 - INFO - build_posterior_wrapper took 0.001378 seconds
2024-12-30 10:56:41,635 - INFO - TPE using 25/25 trials with best loss inf
2024-12-30 10:56:41,683 - INFO - Successfully generated input file for Heptazine at a1_0.47_b1_-0.23_a2_0.62_b2_-0.10_S/Heptazine_a1_0.47_b1_-0.23_a2_0.62_b2_-0.10_S.inp
2024-12-30 10:56:41,689 - INFO - Submitting job for Heptazine in directory a1_0.47_b1_-0.23_a2_0.62_b2_-0.10_S
2024-12-30 10:56:41,726 - INFO - Job submitted for Heptazine with ID: Submitted batch job 4326546
2024-12-30 10:56:41,755 - INFO - Successfully generated input file for Cyclazine at a1_0.47_b1_-0.23_a2_0.62_b2_-0.10_S/Cyclazine_a1_0.47_b1_-0.23_a2_0.62_b2_-0.10_S.inp
2024-12-30 10:56:41,756 - INFO - Submitting job for Cyclazine in directory a1_0.47_b1_-0.23_a2_0.62_b2_-0.10_S
2024-12-30 10:56:41,774 - INFO - Job submitted for Cyclazine with ID: Submitted batch job 4326547
2024-12-30 10:56:41,774 - INFO - Processing molecule: Heptazine
2024-12-30 10:56:41,798 - ERROR - [ERROR] Singlet job for Heptazine is not completed yet.
2024-12-30 10:56:41,798 - ERROR - Directory /bighome/ali/Projects/Functional_Optimizer/Bayesian_Optimization_v2/a1_0.4683816811738438_b1_-0.22658379664072154_a2_0.6184761839361023_b2_-0.09838811420349537_S does not exist.
2024-12-30 10:56:41,798 - ERROR - [ERROR] Singlet job for Heptazine is not completed yet.
2024-12-30 10:56:41,798 - ERROR - Skipping molecule Heptazine after failed retries.
2024-12-30 10:56:41,798 - INFO - Processing molecule: Cyclazine
2024-12-30 10:56:41,798 - ERROR - [ERROR] Singlet job for Cyclazine is not completed yet.
2024-12-30 10:56:41,798 - ERROR - Directory /bighome/ali/Projects/Functional_Optimizer/Bayesian_Optimization_v2/a1_0.4683816811738438_b1_-0.22658379664072154_a2_0.6184761839361023_b2_-0.09838811420349537_S does not exist.
2024-12-30 10:56:41,798 - ERROR - [ERROR] Singlet job for Cyclazine is not completed yet.
2024-12-30 10:56:41,798 - ERROR - Skipping molecule Cyclazine after failed retries.
2024-12-30 10:56:41,800 - INFO - build_posterior_wrapper took 0.001324 seconds
2024-12-30 10:56:41,800 - INFO - TPE using 26/26 trials with best loss inf
2024-12-30 10:56:41,830 - INFO - Successfully generated input file for Heptazine at a1_0.45_b1_-0.27_a2_0.73_b2_-0.11_S/Heptazine_a1_0.45_b1_-0.27_a2_0.73_b2_-0.11_S.inp
2024-12-30 10:56:41,831 - INFO - Submitting job for Heptazine in directory a1_0.45_b1_-0.27_a2_0.73_b2_-0.11_S
2024-12-30 10:56:41,849 - INFO - Job submitted for Heptazine with ID: Submitted batch job 4326548
2024-12-30 10:56:41,863 - INFO - Successfully generated input file for Cyclazine at a1_0.45_b1_-0.27_a2_0.73_b2_-0.11_S/Cyclazine_a1_0.45_b1_-0.27_a2_0.73_b2_-0.11_S.inp
2024-12-30 10:56:41,864 - INFO - Submitting job for Cyclazine in directory a1_0.45_b1_-0.27_a2_0.73_b2_-0.11_S
2024-12-30 10:56:41,882 - INFO - Job submitted for Cyclazine with ID: Submitted batch job 4326549
2024-12-30 10:56:41,882 - INFO - Processing molecule: Heptazine
2024-12-30 10:56:41,882 - ERROR - [ERROR] Singlet job for Heptazine is not completed yet.
2024-12-30 10:56:41,882 - ERROR - Directory /bighome/ali/Projects/Functional_Optimizer/Bayesian_Optimization_v2/a1_0.45331861579903143_b1_-0.2705084874052698_a2_0.7322881229711626_b2_-0.10596564775190138_S does not exist.
2024-12-30 10:56:41,882 - ERROR - [ERROR] Singlet job for Heptazine is not completed yet.
2024-12-30 10:56:41,882 - ERROR - Skipping molecule Heptazine after failed retries.
2024-12-30 10:56:41,882 - INFO - Processing molecule: Cyclazine
2024-12-30 10:56:41,882 - ERROR - [ERROR] Singlet job for Cyclazine is not completed yet.
2024-12-30 10:56:41,883 - ERROR - Directory /bighome/ali/Projects/Functional_Optimizer/Bayesian_Optimization_v2/a1_0.45331861579903143_b1_-0.2705084874052698_a2_0.7322881229711626_b2_-0.10596564775190138_S does not exist.
2024-12-30 10:56:41,883 - ERROR - [ERROR] Singlet job for Cyclazine is not completed yet.
2024-12-30 10:56:41,883 - ERROR - Skipping molecule Cyclazine after failed retries.
2024-12-30 10:56:41,884 - INFO - build_posterior_wrapper took 0.001320 seconds
2024-12-30 10:56:41,884 - INFO - TPE using 27/27 trials with best loss inf
2024-12-30 10:56:41,905 - INFO - Successfully generated input file for Heptazine at a1_0.49_b1_-0.24_a2_0.68_b2_-0.12_S/Heptazine_a1_0.49_b1_-0.24_a2_0.68_b2_-0.12_S.inp
2024-12-30 10:56:41,906 - INFO - Submitting job for Heptazine in directory a1_0.49_b1_-0.24_a2_0.68_b2_-0.12_S
2024-12-30 10:56:41,924 - INFO - Job submitted for Heptazine with ID: Submitted batch job 4326550
2024-12-30 10:56:41,936 - INFO - Successfully generated input file for Cyclazine at a1_0.49_b1_-0.24_a2_0.68_b2_-0.12_S/Cyclazine_a1_0.49_b1_-0.24_a2_0.68_b2_-0.12_S.inp
2024-12-30 10:56:41,937 - INFO - Submitting job for Cyclazine in directory a1_0.49_b1_-0.24_a2_0.68_b2_-0.12_S
2024-12-30 10:56:41,956 - INFO - Job submitted for Cyclazine with ID: Submitted batch job 4326551
2024-12-30 10:56:41,956 - INFO - Processing molecule: Heptazine
2024-12-30 10:56:41,956 - ERROR - [ERROR] Singlet job for Heptazine is not completed yet.
2024-12-30 10:56:41,957 - ERROR - Directory /bighome/ali/Projects/Functional_Optimizer/Bayesian_Optimization_v2/a1_0.49121986619858393_b1_-0.23778343302720834_a2_0.6848507625257213_b2_-0.1193527545398348_S does not exist.
2024-12-30 10:56:41,957 - ERROR - [ERROR] Singlet job for Heptazine is not completed yet.
2024-12-30 10:56:41,957 - ERROR - Skipping molecule Heptazine after failed retries.
2024-12-30 10:56:41,957 - INFO - Processing molecule: Cyclazine
2024-12-30 10:56:41,957 - ERROR - [ERROR] Singlet job for Cyclazine is not completed yet.
2024-12-30 10:56:41,957 - ERROR - Directory /bighome/ali/Projects/Functional_Optimizer/Bayesian_Optimization_v2/a1_0.49121986619858393_b1_-0.23778343302720834_a2_0.6848507625257213_b2_-0.1193527545398348_S does not exist.
2024-12-30 10:56:41,957 - ERROR - [ERROR] Singlet job for Cyclazine is not completed yet.
2024-12-30 10:56:41,957 - ERROR - Skipping molecule Cyclazine after failed retries.
2024-12-30 10:56:41,959 - INFO - build_posterior_wrapper took 0.001349 seconds
2024-12-30 10:56:41,959 - INFO - TPE using 28/28 trials with best loss inf
2024-12-30 10:56:41,980 - INFO - Successfully generated input file for Heptazine at a1_0.47_b1_-0.25_a2_0.62_b2_-0.10_S/Heptazine_a1_0.47_b1_-0.25_a2_0.62_b2_-0.10_S.inp
2024-12-30 10:56:41,981 - INFO - Submitting job for Heptazine in directory a1_0.47_b1_-0.25_a2_0.62_b2_-0.10_S
2024-12-30 10:56:41,999 - INFO - Job submitted for Heptazine with ID: Submitted batch job 4326552
2024-12-30 10:56:42,010 - INFO - Successfully generated input file for Cyclazine at a1_0.47_b1_-0.25_a2_0.62_b2_-0.10_S/Cyclazine_a1_0.47_b1_-0.25_a2_0.62_b2_-0.10_S.inp
2024-12-30 10:56:42,011 - INFO - Submitting job for Cyclazine in directory a1_0.47_b1_-0.25_a2_0.62_b2_-0.10_S
2024-12-30 10:56:42,029 - INFO - Job submitted for Cyclazine with ID: Submitted batch job 4326553
2024-12-30 10:56:42,030 - INFO - Processing molecule: Heptazine
2024-12-30 10:56:42,030 - ERROR - [ERROR] Singlet job for Heptazine is not completed yet.
2024-12-30 10:56:42,030 - ERROR - Directory /bighome/ali/Projects/Functional_Optimizer/Bayesian_Optimization_v2/a1_0.4701058373458918_b1_-0.25343686956370626_a2_0.6162572818247993_b2_-0.10484334155245051_S does not exist.
2024-12-30 10:56:42,030 - ERROR - [ERROR] Singlet job for Heptazine is not completed yet.
2024-12-30 10:56:42,030 - ERROR - Skipping molecule Heptazine after failed retries.
2024-12-30 10:56:42,030 - INFO - Processing molecule: Cyclazine
2024-12-30 10:56:42,030 - ERROR - [ERROR] Singlet job for Cyclazine is not completed yet.
2024-12-30 10:56:42,030 - ERROR - Directory /bighome/ali/Projects/Functional_Optimizer/Bayesian_Optimization_v2/a1_0.4701058373458918_b1_-0.25343686956370626_a2_0.6162572818247993_b2_-0.10484334155245051_S does not exist.
2024-12-30 10:56:42,030 - ERROR - [ERROR] Singlet job for Cyclazine is not completed yet.
2024-12-30 10:56:42,030 - ERROR - Skipping molecule Cyclazine after failed retries.
2024-12-30 10:56:42,032 - INFO - build_posterior_wrapper took 0.001257 seconds
2024-12-30 10:56:42,032 - INFO - TPE using 29/29 trials with best loss inf
2024-12-30 10:56:42,053 - INFO - Successfully generated input file for Heptazine at a1_0.46_b1_-0.27_a2_0.73_b2_-0.11_S/Heptazine_a1_0.46_b1_-0.27_a2_0.73_b2_-0.11_S.inp
2024-12-30 10:56:42,054 - INFO - Submitting job for Heptazine in directory a1_0.46_b1_-0.27_a2_0.73_b2_-0.11_S
2024-12-30 10:56:42,072 - INFO - Job submitted for Heptazine with ID: Submitted batch job 4326554
2024-12-30 10:56:42,084 - INFO - Successfully generated input file for Cyclazine at a1_0.46_b1_-0.27_a2_0.73_b2_-0.11_S/Cyclazine_a1_0.46_b1_-0.27_a2_0.73_b2_-0.11_S.inp
2024-12-30 10:56:42,085 - INFO - Submitting job for Cyclazine in directory a1_0.46_b1_-0.27_a2_0.73_b2_-0.11_S
2024-12-30 10:56:42,103 - INFO - Job submitted for Cyclazine with ID: Submitted batch job 4326555
2024-12-30 10:56:42,103 - INFO - Processing molecule: Heptazine
2024-12-30 10:56:42,103 - ERROR - [ERROR] Singlet job for Heptazine is not completed yet.
2024-12-30 10:56:42,103 - ERROR - Directory /bighome/ali/Projects/Functional_Optimizer/Bayesian_Optimization_v2/a1_0.4613818858904084_b1_-0.2709188452127581_a2_0.7338659669099777_b2_-0.10647911751871966_S does not exist.
2024-12-30 10:56:42,103 - ERROR - [ERROR] Singlet job for Heptazine is not completed yet.
2024-12-30 10:56:42,103 - ERROR - Skipping molecule Heptazine after failed retries.
2024-12-30 10:56:42,103 - INFO - Processing molecule: Cyclazine
2024-12-30 10:56:42,103 - ERROR - [ERROR] Singlet job for Cyclazine is not completed yet.
2024-12-30 10:56:42,103 - ERROR - Directory /bighome/ali/Projects/Functional_Optimizer/Bayesian_Optimization_v2/a1_0.4613818858904084_b1_-0.2709188452127581_a2_0.7338659669099777_b2_-0.10647911751871966_S does not exist.
2024-12-30 10:56:42,103 - ERROR - [ERROR] Singlet job for Cyclazine is not completed yet.
2024-12-30 10:56:42,103 - ERROR - Skipping molecule Cyclazine after failed retries.
2024-12-30 10:56:42,105 - INFO - build_posterior_wrapper took 0.001376 seconds
2024-12-30 10:56:42,106 - INFO - TPE using 30/30 trials with best loss inf
2024-12-30 10:56:42,127 - INFO - Successfully generated input file for Heptazine at a1_0.48_b1_-0.24_a2_0.70_b2_-0.11_S/Heptazine_a1_0.48_b1_-0.24_a2_0.70_b2_-0.11_S.inp
2024-12-30 10:56:42,128 - INFO - Submitting job for Heptazine in directory a1_0.48_b1_-0.24_a2_0.70_b2_-0.11_S
2024-12-30 10:56:42,145 - INFO - Job submitted for Heptazine with ID: Submitted batch job 4326556
2024-12-30 10:56:42,157 - INFO - Successfully generated input file for Cyclazine at a1_0.48_b1_-0.24_a2_0.70_b2_-0.11_S/Cyclazine_a1_0.48_b1_-0.24_a2_0.70_b2_-0.11_S.inp
2024-12-30 10:56:42,158 - INFO - Submitting job for Cyclazine in directory a1_0.48_b1_-0.24_a2_0.70_b2_-0.11_S
2024-12-30 10:56:42,175 - INFO - Job submitted for Cyclazine with ID: Submitted batch job 4326557
2024-12-30 10:56:42,176 - INFO - Processing molecule: Heptazine
2024-12-30 10:56:42,176 - ERROR - [ERROR] Singlet job for Heptazine is not completed yet.
2024-12-30 10:56:42,176 - ERROR - Directory /bighome/ali/Projects/Functional_Optimizer/Bayesian_Optimization_v2/a1_0.478331374084886_b1_-0.23552645323925167_a2_0.7018276925746294_b2_-0.11093454223973184_S does not exist.
2024-12-30 10:56:42,176 - ERROR - [ERROR] Singlet job for Heptazine is not completed yet.
2024-12-30 10:56:42,176 - ERROR - Skipping molecule Heptazine after failed retries.
2024-12-30 10:56:42,176 - INFO - Processing molecule: Cyclazine
2024-12-30 10:56:42,176 - ERROR - [ERROR] Singlet job for Cyclazine is not completed yet.
2024-12-30 10:56:42,176 - ERROR - Directory /bighome/ali/Projects/Functional_Optimizer/Bayesian_Optimization_v2/a1_0.478331374084886_b1_-0.23552645323925167_a2_0.7018276925746294_b2_-0.11093454223973184_S does not exist.
2024-12-30 10:56:42,176 - ERROR - [ERROR] Singlet job for Cyclazine is not completed yet.
2024-12-30 10:56:42,176 - ERROR - Skipping molecule Cyclazine after failed retries.
2024-12-30 10:56:42,178 - INFO - build_posterior_wrapper took 0.001270 seconds
2024-12-30 10:56:42,178 - INFO - TPE using 31/31 trials with best loss inf
2024-12-30 10:56:42,199 - INFO - Successfully generated input file for Heptazine at a1_0.47_b1_-0.25_a2_0.66_b2_-0.10_S/Heptazine_a1_0.47_b1_-0.25_a2_0.66_b2_-0.10_S.inp
2024-12-30 10:56:42,200 - INFO - Submitting job for Heptazine in directory a1_0.47_b1_-0.25_a2_0.66_b2_-0.10_S
2024-12-30 10:56:42,218 - INFO - Job submitted for Heptazine with ID: Submitted batch job 4326558
2024-12-30 10:56:42,229 - INFO - Successfully generated input file for Cyclazine at a1_0.47_b1_-0.25_a2_0.66_b2_-0.10_S/Cyclazine_a1_0.47_b1_-0.25_a2_0.66_b2_-0.10_S.inp
2024-12-30 10:56:42,230 - INFO - Submitting job for Cyclazine in directory a1_0.47_b1_-0.25_a2_0.66_b2_-0.10_S
2024-12-30 10:56:42,248 - INFO - Job submitted for Cyclazine with ID: Submitted batch job 4326559
2024-12-30 10:56:42,248 - INFO - Processing molecule: Heptazine
2024-12-30 10:56:42,248 - ERROR - [ERROR] Singlet job for Heptazine is not completed yet.
2024-12-30 10:56:42,248 - ERROR - Directory /bighome/ali/Projects/Functional_Optimizer/Bayesian_Optimization_v2/a1_0.47364116306092274_b1_-0.25437379744306976_a2_0.6573292074832822_b2_-0.10330500179874405_S does not exist.
2024-12-30 10:56:42,248 - ERROR - [ERROR] Singlet job for Heptazine is not completed yet.
2024-12-30 10:56:42,248 - ERROR - Skipping molecule Heptazine after failed retries.
2024-12-30 10:56:42,248 - INFO - Processing molecule: Cyclazine
2024-12-30 10:56:42,248 - ERROR - [ERROR] Singlet job for Cyclazine is not completed yet.
2024-12-30 10:56:42,248 - ERROR - Directory /bighome/ali/Projects/Functional_Optimizer/Bayesian_Optimization_v2/a1_0.47364116306092274_b1_-0.25437379744306976_a2_0.6573292074832822_b2_-0.10330500179874405_S does not exist.
2024-12-30 10:56:42,248 - ERROR - [ERROR] Singlet job for Cyclazine is not completed yet.
2024-12-30 10:56:42,249 - ERROR - Skipping molecule Cyclazine after failed retries.
2024-12-30 10:56:42,250 - INFO - build_posterior_wrapper took 0.001400 seconds
2024-12-30 10:56:42,251 - INFO - TPE using 32/32 trials with best loss inf
2024-12-30 10:56:42,271 - INFO - Successfully generated input file for Heptazine at a1_0.46_b1_-0.27_a2_0.73_b2_-0.11_S/Heptazine_a1_0.46_b1_-0.27_a2_0.73_b2_-0.11_S.inp
2024-12-30 10:56:42,271 - INFO - Submitting job for Heptazine in directory a1_0.46_b1_-0.27_a2_0.73_b2_-0.11_S
2024-12-30 10:56:42,289 - INFO - Job submitted for Heptazine with ID: Submitted batch job 4326560
2024-12-30 10:56:42,301 - INFO - Successfully generated input file for Cyclazine at a1_0.46_b1_-0.27_a2_0.73_b2_-0.11_S/Cyclazine_a1_0.46_b1_-0.27_a2_0.73_b2_-0.11_S.inp
2024-12-30 10:56:42,301 - INFO - Submitting job for Cyclazine in directory a1_0.46_b1_-0.27_a2_0.73_b2_-0.11_S
2024-12-30 10:56:42,319 - INFO - Job submitted for Cyclazine with ID: Submitted batch job 4326561
2024-12-30 10:56:42,319 - INFO - Processing molecule: Heptazine
2024-12-30 10:56:42,319 - ERROR - [ERROR] Singlet job for Heptazine is not completed yet.
2024-12-30 10:56:42,319 - ERROR - Directory /bighome/ali/Projects/Functional_Optimizer/Bayesian_Optimization_v2/a1_0.4616659483309687_b1_-0.27308405337492014_a2_0.7281148053372745_b2_-0.10886789330607959_S does not exist.
2024-12-30 10:56:42,320 - ERROR - [ERROR] Singlet job for Heptazine is not completed yet.
2024-12-30 10:56:42,320 - ERROR - Skipping molecule Heptazine after failed retries.
2024-12-30 10:56:42,320 - INFO - Processing molecule: Cyclazine
2024-12-30 10:56:42,320 - ERROR - [ERROR] Singlet job for Cyclazine is not completed yet.
2024-12-30 10:56:42,320 - ERROR - Directory /bighome/ali/Projects/Functional_Optimizer/Bayesian_Optimization_v2/a1_0.4616659483309687_b1_-0.27308405337492014_a2_0.7281148053372745_b2_-0.10886789330607959_S does not exist.
2024-12-30 10:56:42,320 - ERROR - [ERROR] Singlet job for Cyclazine is not completed yet.
2024-12-30 10:56:42,320 - ERROR - Skipping molecule Cyclazine after failed retries.
2024-12-30 10:56:42,321 - INFO - build_posterior_wrapper took 0.001385 seconds
2024-12-30 10:56:42,322 - INFO - TPE using 33/33 trials with best loss inf
2024-12-30 10:56:42,343 - INFO - Successfully generated input file for Heptazine at a1_0.48_b1_-0.21_a2_0.70_b2_-0.11_S/Heptazine_a1_0.48_b1_-0.21_a2_0.70_b2_-0.11_S.inp
2024-12-30 10:56:42,344 - INFO - Submitting job for Heptazine in directory a1_0.48_b1_-0.21_a2_0.70_b2_-0.11_S
2024-12-30 10:56:42,362 - INFO - Job submitted for Heptazine with ID: Submitted batch job 4326562
2024-12-30 10:56:42,374 - INFO - Successfully generated input file for Cyclazine at a1_0.48_b1_-0.21_a2_0.70_b2_-0.11_S/Cyclazine_a1_0.48_b1_-0.21_a2_0.70_b2_-0.11_S.inp
2024-12-30 10:56:42,374 - INFO - Submitting job for Cyclazine in directory a1_0.48_b1_-0.21_a2_0.70_b2_-0.11_S
2024-12-30 10:56:42,392 - INFO - Job submitted for Cyclazine with ID: Submitted batch job 4326563
2024-12-30 10:56:42,393 - INFO - Processing molecule: Heptazine
2024-12-30 10:56:42,393 - ERROR - [ERROR] Singlet job for Heptazine is not completed yet.
2024-12-30 10:56:42,393 - ERROR - Directory /bighome/ali/Projects/Functional_Optimizer/Bayesian_Optimization_v2/a1_0.48375338097556586_b1_-0.2139166986445309_a2_0.7000424171386815_b2_-0.11101977861856216_S does not exist.
2024-12-30 10:56:42,393 - ERROR - [ERROR] Singlet job for Heptazine is not completed yet.
2024-12-30 10:56:42,393 - ERROR - Skipping molecule Heptazine after failed retries.
2024-12-30 10:56:42,393 - INFO - Processing molecule: Cyclazine
2024-12-30 10:56:42,393 - ERROR - [ERROR] Singlet job for Cyclazine is not completed yet.
2024-12-30 10:56:42,393 - ERROR - Directory /bighome/ali/Projects/Functional_Optimizer/Bayesian_Optimization_v2/a1_0.48375338097556586_b1_-0.2139166986445309_a2_0.7000424171386815_b2_-0.11101977861856216_S does not exist.
2024-12-30 10:56:42,393 - ERROR - [ERROR] Singlet job for Cyclazine is not completed yet.
2024-12-30 10:56:42,393 - ERROR - Skipping molecule Cyclazine after failed retries.
2024-12-30 10:56:42,395 - INFO - build_posterior_wrapper took 0.001323 seconds
2024-12-30 10:56:42,396 - INFO - TPE using 34/34 trials with best loss inf
2024-12-30 10:56:42,415 - INFO - Successfully generated input file for Heptazine at a1_0.47_b1_-0.26_a2_0.66_b2_-0.09_S/Heptazine_a1_0.47_b1_-0.26_a2_0.66_b2_-0.09_S.inp
2024-12-30 10:56:42,416 - INFO - Submitting job for Heptazine in directory a1_0.47_b1_-0.26_a2_0.66_b2_-0.09_S
2024-12-30 10:56:42,434 - INFO - Job submitted for Heptazine with ID: Submitted batch job 4326564
2024-12-30 10:56:42,446 - INFO - Successfully generated input file for Cyclazine at a1_0.47_b1_-0.26_a2_0.66_b2_-0.09_S/Cyclazine_a1_0.47_b1_-0.26_a2_0.66_b2_-0.09_S.inp
2024-12-30 10:56:42,446 - INFO - Submitting job for Cyclazine in directory a1_0.47_b1_-0.26_a2_0.66_b2_-0.09_S
2024-12-30 10:56:42,464 - INFO - Job submitted for Cyclazine with ID: Submitted batch job 4326565
2024-12-30 10:56:42,464 - INFO - Processing molecule: Heptazine
2024-12-30 10:56:42,464 - ERROR - [ERROR] Singlet job for Heptazine is not completed yet.
2024-12-30 10:56:42,465 - ERROR - Directory /bighome/ali/Projects/Functional_Optimizer/Bayesian_Optimization_v2/a1_0.4744549503089247_b1_-0.2560879507733019_a2_0.6626201007193341_b2_-0.09030599754870794_S does not exist.
2024-12-30 10:56:42,465 - ERROR - [ERROR] Singlet job for Heptazine is not completed yet.
2024-12-30 10:56:42,465 - ERROR - Skipping molecule Heptazine after failed retries.
2024-12-30 10:56:42,465 - INFO - Processing molecule: Cyclazine
2024-12-30 10:56:42,465 - ERROR - [ERROR] Singlet job for Cyclazine is not completed yet.
2024-12-30 10:56:42,465 - ERROR - Directory /bighome/ali/Projects/Functional_Optimizer/Bayesian_Optimization_v2/a1_0.4744549503089247_b1_-0.2560879507733019_a2_0.6626201007193341_b2_-0.09030599754870794_S does not exist.
2024-12-30 10:56:42,465 - ERROR - [ERROR] Singlet job for Cyclazine is not completed yet.
2024-12-30 10:56:42,465 - ERROR - Skipping molecule Cyclazine after failed retries.
2024-12-30 10:56:42,467 - INFO - build_posterior_wrapper took 0.001346 seconds
2024-12-30 10:56:42,467 - INFO - TPE using 35/35 trials with best loss inf
2024-12-30 10:56:42,488 - INFO - Successfully generated input file for Heptazine at a1_0.53_b1_-0.22_a2_0.63_b2_-0.08_S/Heptazine_a1_0.53_b1_-0.22_a2_0.63_b2_-0.08_S.inp
2024-12-30 10:56:42,489 - INFO - Submitting job for Heptazine in directory a1_0.53_b1_-0.22_a2_0.63_b2_-0.08_S
2024-12-30 10:56:42,506 - INFO - Job submitted for Heptazine with ID: Submitted batch job 4326566
2024-12-30 10:56:42,518 - INFO - Successfully generated input file for Cyclazine at a1_0.53_b1_-0.22_a2_0.63_b2_-0.08_S/Cyclazine_a1_0.53_b1_-0.22_a2_0.63_b2_-0.08_S.inp
2024-12-30 10:56:42,519 - INFO - Submitting job for Cyclazine in directory a1_0.53_b1_-0.22_a2_0.63_b2_-0.08_S
2024-12-30 10:56:42,537 - INFO - Job submitted for Cyclazine with ID: Submitted batch job 4326567
2024-12-30 10:56:42,537 - INFO - Processing molecule: Heptazine
2024-12-30 10:56:42,537 - ERROR - [ERROR] Singlet job for Heptazine is not completed yet.
2024-12-30 10:56:42,538 - ERROR - Directory /bighome/ali/Projects/Functional_Optimizer/Bayesian_Optimization_v2/a1_0.5283066560488648_b1_-0.21806442003983378_a2_0.634701653835624_b2_-0.0847252482032913_S does not exist.
2024-12-30 10:56:42,538 - ERROR - [ERROR] Singlet job for Heptazine is not completed yet.
2024-12-30 10:56:42,538 - ERROR - Skipping molecule Heptazine after failed retries.
2024-12-30 10:56:42,538 - INFO - Processing molecule: Cyclazine
2024-12-30 10:56:42,538 - ERROR - [ERROR] Singlet job for Cyclazine is not completed yet.
2024-12-30 10:56:42,538 - ERROR - Directory /bighome/ali/Projects/Functional_Optimizer/Bayesian_Optimization_v2/a1_0.5283066560488648_b1_-0.21806442003983378_a2_0.634701653835624_b2_-0.0847252482032913_S does not exist.
2024-12-30 10:56:42,538 - ERROR - [ERROR] Singlet job for Cyclazine is not completed yet.
2024-12-30 10:56:42,538 - ERROR - Skipping molecule Cyclazine after failed retries.
2024-12-30 10:56:42,540 - INFO - build_posterior_wrapper took 0.001328 seconds
2024-12-30 10:56:42,540 - INFO - TPE using 36/36 trials with best loss inf
2024-12-30 10:56:42,562 - INFO - Successfully generated input file for Heptazine at a1_0.46_b1_-0.25_a2_0.72_b2_-0.08_S/Heptazine_a1_0.46_b1_-0.25_a2_0.72_b2_-0.08_S.inp
2024-12-30 10:56:42,562 - INFO - Submitting job for Heptazine in directory a1_0.46_b1_-0.25_a2_0.72_b2_-0.08_S
2024-12-30 10:56:42,580 - INFO - Job submitted for Heptazine with ID: Submitted batch job 4326568
2024-12-30 10:56:42,593 - INFO - Successfully generated input file for Cyclazine at a1_0.46_b1_-0.25_a2_0.72_b2_-0.08_S/Cyclazine_a1_0.46_b1_-0.25_a2_0.72_b2_-0.08_S.inp
2024-12-30 10:56:42,594 - INFO - Submitting job for Cyclazine in directory a1_0.46_b1_-0.25_a2_0.72_b2_-0.08_S
2024-12-30 10:56:42,628 - INFO - Job submitted for Cyclazine with ID: Submitted batch job 4326569
2024-12-30 10:56:42,628 - INFO - Processing molecule: Heptazine
2024-12-30 10:56:42,628 - ERROR - [ERROR] Singlet job for Heptazine is not completed yet.
2024-12-30 10:56:42,629 - ERROR - Directory /bighome/ali/Projects/Functional_Optimizer/Bayesian_Optimization_v2/a1_0.4582841495831607_b1_-0.2469944703721323_a2_0.7184540528781902_b2_-0.08481420831759193_S does not exist.
2024-12-30 10:56:42,629 - ERROR - [ERROR] Singlet job for Heptazine is not completed yet.
2024-12-30 10:56:42,629 - ERROR - Skipping molecule Heptazine after failed retries.
2024-12-30 10:56:42,629 - INFO - Processing molecule: Cyclazine
2024-12-30 10:56:42,629 - ERROR - [ERROR] Singlet job for Cyclazine is not completed yet.
2024-12-30 10:56:42,629 - ERROR - Directory /bighome/ali/Projects/Functional_Optimizer/Bayesian_Optimization_v2/a1_0.4582841495831607_b1_-0.2469944703721323_a2_0.7184540528781902_b2_-0.08481420831759193_S does not exist.
2024-12-30 10:56:42,629 - ERROR - [ERROR] Singlet job for Cyclazine is not completed yet.
2024-12-30 10:56:42,629 - ERROR - Skipping molecule Cyclazine after failed retries.
2024-12-30 10:56:42,630 - INFO - build_posterior_wrapper took 0.001343 seconds
2024-12-30 10:56:42,631 - INFO - TPE using 37/37 trials with best loss inf
2024-12-30 10:56:42,652 - INFO - Successfully generated input file for Heptazine at a1_0.45_b1_-0.26_a2_0.75_b2_-0.08_S/Heptazine_a1_0.45_b1_-0.26_a2_0.75_b2_-0.08_S.inp
2024-12-30 10:56:42,653 - INFO - Submitting job for Heptazine in directory a1_0.45_b1_-0.26_a2_0.75_b2_-0.08_S
2024-12-30 10:56:42,670 - INFO - Job submitted for Heptazine with ID: Submitted batch job 4326570
2024-12-30 10:56:42,682 - INFO - Successfully generated input file for Cyclazine at a1_0.45_b1_-0.26_a2_0.75_b2_-0.08_S/Cyclazine_a1_0.45_b1_-0.26_a2_0.75_b2_-0.08_S.inp
2024-12-30 10:56:42,683 - INFO - Submitting job for Cyclazine in directory a1_0.45_b1_-0.26_a2_0.75_b2_-0.08_S
2024-12-30 10:56:42,701 - INFO - Job submitted for Cyclazine with ID: Submitted batch job 4326571
2024-12-30 10:56:42,701 - INFO - Processing molecule: Heptazine
2024-12-30 10:56:42,702 - ERROR - [ERROR] Singlet job for Heptazine is not completed yet.
2024-12-30 10:56:42,702 - ERROR - Directory /bighome/ali/Projects/Functional_Optimizer/Bayesian_Optimization_v2/a1_0.45045950951219094_b1_-0.26128175103431717_a2_0.7472548029800976_b2_-0.08039209614356518_S does not exist.
2024-12-30 10:56:42,702 - ERROR - [ERROR] Singlet job for Heptazine is not completed yet.
2024-12-30 10:56:42,702 - ERROR - Skipping molecule Heptazine after failed retries.
2024-12-30 10:56:42,702 - INFO - Processing molecule: Cyclazine
2024-12-30 10:56:42,702 - ERROR - [ERROR] Singlet job for Cyclazine is not completed yet.
2024-12-30 10:56:42,702 - ERROR - Directory /bighome/ali/Projects/Functional_Optimizer/Bayesian_Optimization_v2/a1_0.45045950951219094_b1_-0.26128175103431717_a2_0.7472548029800976_b2_-0.08039209614356518_S does not exist.
2024-12-30 10:56:42,702 - ERROR - [ERROR] Singlet job for Cyclazine is not completed yet.
2024-12-30 10:56:42,702 - ERROR - Skipping molecule Cyclazine after failed retries.
2024-12-30 10:56:42,704 - INFO - build_posterior_wrapper took 0.001316 seconds
2024-12-30 10:56:42,704 - INFO - TPE using 38/38 trials with best loss inf
2024-12-30 10:56:42,725 - INFO - Successfully generated input file for Heptazine at a1_0.49_b1_-0.25_a2_0.72_b2_-0.12_S/Heptazine_a1_0.49_b1_-0.25_a2_0.72_b2_-0.12_S.inp
2024-12-30 10:56:42,726 - INFO - Submitting job for Heptazine in directory a1_0.49_b1_-0.25_a2_0.72_b2_-0.12_S
2024-12-30 10:56:42,744 - INFO - Job submitted for Heptazine with ID: Submitted batch job 4326572
2024-12-30 10:56:42,768 - INFO - Successfully generated input file for Cyclazine at a1_0.49_b1_-0.25_a2_0.72_b2_-0.12_S/Cyclazine_a1_0.49_b1_-0.25_a2_0.72_b2_-0.12_S.inp
2024-12-30 10:56:42,769 - INFO - Submitting job for Cyclazine in directory a1_0.49_b1_-0.25_a2_0.72_b2_-0.12_S
2024-12-30 10:56:42,786 - INFO - Job submitted for Cyclazine with ID: Submitted batch job 4326573
2024-12-30 10:56:42,786 - INFO - Processing molecule: Heptazine
2024-12-30 10:56:42,787 - ERROR - [ERROR] Singlet job for Heptazine is not completed yet.
2024-12-30 10:56:42,787 - ERROR - Directory /bighome/ali/Projects/Functional_Optimizer/Bayesian_Optimization_v2/a1_0.4905593521931729_b1_-0.24599261011584425_a2_0.717406494870335_b2_-0.11720513450952928_S does not exist.
2024-12-30 10:56:42,787 - ERROR - [ERROR] Singlet job for Heptazine is not completed yet.
2024-12-30 10:56:42,787 - ERROR - Skipping molecule Heptazine after failed retries.
2024-12-30 10:56:42,787 - INFO - Processing molecule: Cyclazine
2024-12-30 10:56:42,787 - ERROR - [ERROR] Singlet job for Cyclazine is not completed yet.
2024-12-30 10:56:42,787 - ERROR - Directory /bighome/ali/Projects/Functional_Optimizer/Bayesian_Optimization_v2/a1_0.4905593521931729_b1_-0.24599261011584425_a2_0.717406494870335_b2_-0.11720513450952928_S does not exist.
2024-12-30 10:56:42,787 - ERROR - [ERROR] Singlet job for Cyclazine is not completed yet.
2024-12-30 10:56:42,787 - ERROR - Skipping molecule Cyclazine after failed retries.
2024-12-30 10:56:42,789 - INFO - build_posterior_wrapper took 0.001285 seconds
2024-12-30 10:56:42,789 - INFO - TPE using 39/39 trials with best loss inf
2024-12-30 10:56:42,811 - INFO - Successfully generated input file for Heptazine at a1_0.51_b1_-0.23_a2_0.75_b2_-0.12_S/Heptazine_a1_0.51_b1_-0.23_a2_0.75_b2_-0.12_S.inp
2024-12-30 10:56:42,811 - INFO - Submitting job for Heptazine in directory a1_0.51_b1_-0.23_a2_0.75_b2_-0.12_S
2024-12-30 10:56:42,829 - INFO - Job submitted for Heptazine with ID: Submitted batch job 4326574
2024-12-30 10:56:42,841 - INFO - Successfully generated input file for Cyclazine at a1_0.51_b1_-0.23_a2_0.75_b2_-0.12_S/Cyclazine_a1_0.51_b1_-0.23_a2_0.75_b2_-0.12_S.inp
2024-12-30 10:56:42,842 - INFO - Submitting job for Cyclazine in directory a1_0.51_b1_-0.23_a2_0.75_b2_-0.12_S
2024-12-30 10:56:42,860 - INFO - Job submitted for Cyclazine with ID: Submitted batch job 4326575
2024-12-30 10:56:42,860 - INFO - Processing molecule: Heptazine
2024-12-30 10:56:42,860 - ERROR - [ERROR] Singlet job for Heptazine is not completed yet.
2024-12-30 10:56:42,860 - ERROR - Directory /bighome/ali/Projects/Functional_Optimizer/Bayesian_Optimization_v2/a1_0.5069121998964181_b1_-0.23395365529525983_a2_0.7484588462956254_b2_-0.11920977730327831_S does not exist.
2024-12-30 10:56:42,860 - ERROR - [ERROR] Singlet job for Heptazine is not completed yet.
2024-12-30 10:56:42,860 - ERROR - Skipping molecule Heptazine after failed retries.
2024-12-30 10:56:42,860 - INFO - Processing molecule: Cyclazine
2024-12-30 10:56:42,860 - ERROR - [ERROR] Singlet job for Cyclazine is not completed yet.
2024-12-30 10:56:42,861 - ERROR - Directory /bighome/ali/Projects/Functional_Optimizer/Bayesian_Optimization_v2/a1_0.5069121998964181_b1_-0.23395365529525983_a2_0.7484588462956254_b2_-0.11920977730327831_S does not exist.
2024-12-30 10:56:42,861 - ERROR - [ERROR] Singlet job for Cyclazine is not completed yet.
2024-12-30 10:56:42,861 - ERROR - Skipping molecule Cyclazine after failed retries.
2024-12-30 10:56:42,863 - INFO - build_posterior_wrapper took 0.001362 seconds
2024-12-30 10:56:42,863 - INFO - TPE using 40/40 trials with best loss inf
2024-12-30 10:56:42,884 - INFO - Successfully generated input file for Heptazine at a1_0.50_b1_-0.23_a2_0.62_b2_-0.10_S/Heptazine_a1_0.50_b1_-0.23_a2_0.62_b2_-0.10_S.inp
2024-12-30 10:56:42,885 - INFO - Submitting job for Heptazine in directory a1_0.50_b1_-0.23_a2_0.62_b2_-0.10_S
2024-12-30 10:56:42,902 - INFO - Job submitted for Heptazine with ID: Submitted batch job 4326576
2024-12-30 10:56:42,914 - INFO - Successfully generated input file for Cyclazine at a1_0.50_b1_-0.23_a2_0.62_b2_-0.10_S/Cyclazine_a1_0.50_b1_-0.23_a2_0.62_b2_-0.10_S.inp
2024-12-30 10:56:42,915 - INFO - Submitting job for Cyclazine in directory a1_0.50_b1_-0.23_a2_0.62_b2_-0.10_S
2024-12-30 10:56:42,933 - INFO - Job submitted for Cyclazine with ID: Submitted batch job 4326577
2024-12-30 10:56:42,933 - INFO - Processing molecule: Heptazine
2024-12-30 10:56:42,933 - ERROR - [ERROR] Singlet job for Heptazine is not completed yet.
2024-12-30 10:56:42,933 - ERROR - Directory /bighome/ali/Projects/Functional_Optimizer/Bayesian_Optimization_v2/a1_0.499217807521233_b1_-0.22773726391335855_a2_0.6238336562038824_b2_-0.09820388291859455_S does not exist.
2024-12-30 10:56:42,933 - ERROR - [ERROR] Singlet job for Heptazine is not completed yet.
2024-12-30 10:56:42,933 - ERROR - Skipping molecule Heptazine after failed retries.
2024-12-30 10:56:42,933 - INFO - Processing molecule: Cyclazine
2024-12-30 10:56:42,933 - ERROR - [ERROR] Singlet job for Cyclazine is not completed yet.
2024-12-30 10:56:42,934 - ERROR - Directory /bighome/ali/Projects/Functional_Optimizer/Bayesian_Optimization_v2/a1_0.499217807521233_b1_-0.22773726391335855_a2_0.6238336562038824_b2_-0.09820388291859455_S does not exist.
2024-12-30 10:56:42,934 - ERROR - [ERROR] Singlet job for Cyclazine is not completed yet.
2024-12-30 10:56:42,934 - ERROR - Skipping molecule Cyclazine after failed retries.
2024-12-30 10:56:42,935 - INFO - build_posterior_wrapper took 0.001290 seconds
2024-12-30 10:56:42,935 - INFO - TPE using 41/41 trials with best loss inf
2024-12-30 10:56:42,956 - INFO - Successfully generated input file for Heptazine at a1_0.46_b1_-0.20_a2_0.60_b2_-0.10_S/Heptazine_a1_0.46_b1_-0.20_a2_0.60_b2_-0.10_S.inp
2024-12-30 10:56:42,957 - INFO - Submitting job for Heptazine in directory a1_0.46_b1_-0.20_a2_0.60_b2_-0.10_S
2024-12-30 10:56:42,975 - INFO - Job submitted for Heptazine with ID: Submitted batch job 4326578
2024-12-30 10:56:42,987 - INFO - Successfully generated input file for Cyclazine at a1_0.46_b1_-0.20_a2_0.60_b2_-0.10_S/Cyclazine_a1_0.46_b1_-0.20_a2_0.60_b2_-0.10_S.inp
2024-12-30 10:56:42,988 - INFO - Submitting job for Cyclazine in directory a1_0.46_b1_-0.20_a2_0.60_b2_-0.10_S
2024-12-30 10:56:43,006 - INFO - Job submitted for Cyclazine with ID: Submitted batch job 4326579
2024-12-30 10:56:43,006 - INFO - Processing molecule: Heptazine
2024-12-30 10:56:43,006 - ERROR - [ERROR] Singlet job for Heptazine is not completed yet.
2024-12-30 10:56:43,006 - ERROR - Directory /bighome/ali/Projects/Functional_Optimizer/Bayesian_Optimization_v2/a1_0.4647458990749427_b1_-0.19999906554589406_a2_0.6014562044130041_b2_-0.10070508576292721_S does not exist.
2024-12-30 10:56:43,006 - ERROR - [ERROR] Singlet job for Heptazine is not completed yet.
2024-12-30 10:56:43,006 - ERROR - Skipping molecule Heptazine after failed retries.
2024-12-30 10:56:43,006 - INFO - Processing molecule: Cyclazine
2024-12-30 10:56:43,006 - ERROR - [ERROR] Singlet job for Cyclazine is not completed yet.
2024-12-30 10:56:43,007 - ERROR - Directory /bighome/ali/Projects/Functional_Optimizer/Bayesian_Optimization_v2/a1_0.4647458990749427_b1_-0.19999906554589406_a2_0.6014562044130041_b2_-0.10070508576292721_S does not exist.
2024-12-30 10:56:43,007 - ERROR - [ERROR] Singlet job for Cyclazine is not completed yet.
2024-12-30 10:56:43,007 - ERROR - Skipping molecule Cyclazine after failed retries.
2024-12-30 10:56:43,009 - INFO - build_posterior_wrapper took 0.001348 seconds
2024-12-30 10:56:43,009 - INFO - TPE using 42/42 trials with best loss inf
2024-12-30 10:56:43,031 - INFO - Successfully generated input file for Heptazine at a1_0.45_b1_-0.26_a2_0.69_b2_-0.08_S/Heptazine_a1_0.45_b1_-0.26_a2_0.69_b2_-0.08_S.inp
2024-12-30 10:56:43,032 - INFO - Submitting job for Heptazine in directory a1_0.45_b1_-0.26_a2_0.69_b2_-0.08_S
2024-12-30 10:56:43,049 - INFO - Job submitted for Heptazine with ID: Submitted batch job 4326580
2024-12-30 10:56:43,061 - INFO - Successfully generated input file for Cyclazine at a1_0.45_b1_-0.26_a2_0.69_b2_-0.08_S/Cyclazine_a1_0.45_b1_-0.26_a2_0.69_b2_-0.08_S.inp
2024-12-30 10:56:43,062 - INFO - Submitting job for Cyclazine in directory a1_0.45_b1_-0.26_a2_0.69_b2_-0.08_S
2024-12-30 10:56:43,080 - INFO - Job submitted for Cyclazine with ID: Submitted batch job 4326581
2024-12-30 10:56:43,080 - INFO - Processing molecule: Heptazine
2024-12-30 10:56:43,080 - ERROR - [ERROR] Singlet job for Heptazine is not completed yet.
2024-12-30 10:56:43,080 - ERROR - Directory /bighome/ali/Projects/Functional_Optimizer/Bayesian_Optimization_v2/a1_0.4536599546469101_b1_-0.26203939241401997_a2_0.6872494723888893_b2_-0.08277361141803233_S does not exist.
2024-12-30 10:56:43,080 - ERROR - [ERROR] Singlet job for Heptazine is not completed yet.
2024-12-30 10:56:43,080 - ERROR - Skipping molecule Heptazine after failed retries.
2024-12-30 10:56:43,080 - INFO - Processing molecule: Cyclazine
2024-12-30 10:56:43,080 - ERROR - [ERROR] Singlet job for Cyclazine is not completed yet.
2024-12-30 10:56:43,081 - ERROR - Directory /bighome/ali/Projects/Functional_Optimizer/Bayesian_Optimization_v2/a1_0.4536599546469101_b1_-0.26203939241401997_a2_0.6872494723888893_b2_-0.08277361141803233_S does not exist.
2024-12-30 10:56:43,081 - ERROR - [ERROR] Singlet job for Cyclazine is not completed yet.
2024-12-30 10:56:43,081 - ERROR - Skipping molecule Cyclazine after failed retries.
2024-12-30 10:56:43,082 - INFO - build_posterior_wrapper took 0.001334 seconds
2024-12-30 10:56:43,083 - INFO - TPE using 43/43 trials with best loss inf
2024-12-30 10:56:43,104 - INFO - Successfully generated input file for Heptazine at a1_0.45_b1_-0.28_a2_0.72_b2_-0.09_S/Heptazine_a1_0.45_b1_-0.28_a2_0.72_b2_-0.09_S.inp
2024-12-30 10:56:43,105 - INFO - Submitting job for Heptazine in directory a1_0.45_b1_-0.28_a2_0.72_b2_-0.09_S
2024-12-30 10:56:43,123 - INFO - Job submitted for Heptazine with ID: Submitted batch job 4326582
2024-12-30 10:56:43,136 - INFO - Successfully generated input file for Cyclazine at a1_0.45_b1_-0.28_a2_0.72_b2_-0.09_S/Cyclazine_a1_0.45_b1_-0.28_a2_0.72_b2_-0.09_S.inp
2024-12-30 10:56:43,137 - INFO - Submitting job for Cyclazine in directory a1_0.45_b1_-0.28_a2_0.72_b2_-0.09_S
2024-12-30 10:56:43,154 - INFO - Job submitted for Cyclazine with ID: Submitted batch job 4326583
2024-12-30 10:56:43,154 - INFO - Processing molecule: Heptazine
2024-12-30 10:56:43,155 - ERROR - [ERROR] Singlet job for Heptazine is not completed yet.
2024-12-30 10:56:43,155 - ERROR - Directory /bighome/ali/Projects/Functional_Optimizer/Bayesian_Optimization_v2/a1_0.4500763743013156_b1_-0.27935421805623484_a2_0.7242103439989684_b2_-0.09129508794983698_S does not exist.
2024-12-30 10:56:43,155 - ERROR - [ERROR] Singlet job for Heptazine is not completed yet.
2024-12-30 10:56:43,155 - ERROR - Skipping molecule Heptazine after failed retries.
2024-12-30 10:56:43,155 - INFO - Processing molecule: Cyclazine
2024-12-30 10:56:43,155 - ERROR - [ERROR] Singlet job for Cyclazine is not completed yet.
2024-12-30 10:56:43,155 - ERROR - Directory /bighome/ali/Projects/Functional_Optimizer/Bayesian_Optimization_v2/a1_0.4500763743013156_b1_-0.27935421805623484_a2_0.7242103439989684_b2_-0.09129508794983698_S does not exist.
2024-12-30 10:56:43,155 - ERROR - [ERROR] Singlet job for Cyclazine is not completed yet.
2024-12-30 10:56:43,155 - ERROR - Skipping molecule Cyclazine after failed retries.
2024-12-30 10:56:43,157 - INFO - build_posterior_wrapper took 0.001340 seconds
2024-12-30 10:56:43,157 - INFO - TPE using 44/44 trials with best loss inf
2024-12-30 10:56:43,218 - INFO - Successfully generated input file for Heptazine at a1_0.55_b1_-0.24_a2_0.74_b2_-0.11_S/Heptazine_a1_0.55_b1_-0.24_a2_0.74_b2_-0.11_S.inp
2024-12-30 10:56:43,219 - INFO - Submitting job for Heptazine in directory a1_0.55_b1_-0.24_a2_0.74_b2_-0.11_S
2024-12-30 10:56:43,237 - INFO - Job submitted for Heptazine with ID: Submitted batch job 4326584
2024-12-30 10:56:43,249 - INFO - Successfully generated input file for Cyclazine at a1_0.55_b1_-0.24_a2_0.74_b2_-0.11_S/Cyclazine_a1_0.55_b1_-0.24_a2_0.74_b2_-0.11_S.inp
2024-12-30 10:56:43,250 - INFO - Submitting job for Cyclazine in directory a1_0.55_b1_-0.24_a2_0.74_b2_-0.11_S
2024-12-30 10:56:43,268 - INFO - Job submitted for Cyclazine with ID: Submitted batch job 4326585
2024-12-30 10:56:43,268 - INFO - Processing molecule: Heptazine
2024-12-30 10:56:43,268 - ERROR - [ERROR] Singlet job for Heptazine is not completed yet.
2024-12-30 10:56:43,268 - ERROR - Directory /bighome/ali/Projects/Functional_Optimizer/Bayesian_Optimization_v2/a1_0.5497470795042002_b1_-0.24049815353700715_a2_0.7391232081301315_b2_-0.1114446479393832_S does not exist.
2024-12-30 10:56:43,268 - ERROR - [ERROR] Singlet job for Heptazine is not completed yet.
2024-12-30 10:56:43,268 - ERROR - Skipping molecule Heptazine after failed retries.
2024-12-30 10:56:43,268 - INFO - Processing molecule: Cyclazine
2024-12-30 10:56:43,269 - ERROR - [ERROR] Singlet job for Cyclazine is not completed yet.
2024-12-30 10:56:43,269 - ERROR - Directory /bighome/ali/Projects/Functional_Optimizer/Bayesian_Optimization_v2/a1_0.5497470795042002_b1_-0.24049815353700715_a2_0.7391232081301315_b2_-0.1114446479393832_S does not exist.
2024-12-30 10:56:43,269 - ERROR - [ERROR] Singlet job for Cyclazine is not completed yet.
2024-12-30 10:56:43,269 - ERROR - Skipping molecule Cyclazine after failed retries.
2024-12-30 10:56:43,270 - INFO - build_posterior_wrapper took 0.001328 seconds
2024-12-30 10:56:43,271 - INFO - TPE using 45/45 trials with best loss inf
2024-12-30 10:56:43,292 - INFO - Successfully generated input file for Heptazine at a1_0.50_b1_-0.23_a2_0.67_b2_-0.12_S/Heptazine_a1_0.50_b1_-0.23_a2_0.67_b2_-0.12_S.inp
2024-12-30 10:56:43,293 - INFO - Submitting job for Heptazine in directory a1_0.50_b1_-0.23_a2_0.67_b2_-0.12_S
2024-12-30 10:56:43,311 - INFO - Job submitted for Heptazine with ID: Submitted batch job 4326586
2024-12-30 10:56:43,323 - INFO - Successfully generated input file for Cyclazine at a1_0.50_b1_-0.23_a2_0.67_b2_-0.12_S/Cyclazine_a1_0.50_b1_-0.23_a2_0.67_b2_-0.12_S.inp
2024-12-30 10:56:43,324 - INFO - Submitting job for Cyclazine in directory a1_0.50_b1_-0.23_a2_0.67_b2_-0.12_S
2024-12-30 10:56:43,342 - INFO - Job submitted for Cyclazine with ID: Submitted batch job 4326587
2024-12-30 10:56:43,342 - INFO - Processing molecule: Heptazine
2024-12-30 10:56:43,342 - ERROR - [ERROR] Singlet job for Heptazine is not completed yet.
2024-12-30 10:56:43,342 - ERROR - Directory /bighome/ali/Projects/Functional_Optimizer/Bayesian_Optimization_v2/a1_0.49930453019358656_b1_-0.23301424389394002_a2_0.6725080541436645_b2_-0.11577705944929978_S does not exist.
2024-12-30 10:56:43,342 - ERROR - [ERROR] Singlet job for Heptazine is not completed yet.
2024-12-30 10:56:43,342 - ERROR - Skipping molecule Heptazine after failed retries.
2024-12-30 10:56:43,342 - INFO - Processing molecule: Cyclazine
2024-12-30 10:56:43,342 - ERROR - [ERROR] Singlet job for Cyclazine is not completed yet.
2024-12-30 10:56:43,343 - ERROR - Directory /bighome/ali/Projects/Functional_Optimizer/Bayesian_Optimization_v2/a1_0.49930453019358656_b1_-0.23301424389394002_a2_0.6725080541436645_b2_-0.11577705944929978_S does not exist.
2024-12-30 10:56:43,343 - ERROR - [ERROR] Singlet job for Cyclazine is not completed yet.
2024-12-30 10:56:43,343 - ERROR - Skipping molecule Cyclazine after failed retries.
2024-12-30 10:56:43,345 - INFO - build_posterior_wrapper took 0.001383 seconds
2024-12-30 10:56:43,345 - INFO - TPE using 46/46 trials with best loss inf
2024-12-30 10:56:43,367 - INFO - Successfully generated input file for Heptazine at a1_0.49_b1_-0.25_a2_0.65_b2_-0.10_S/Heptazine_a1_0.49_b1_-0.25_a2_0.65_b2_-0.10_S.inp
2024-12-30 10:56:43,368 - INFO - Submitting job for Heptazine in directory a1_0.49_b1_-0.25_a2_0.65_b2_-0.10_S
2024-12-30 10:56:43,386 - INFO - Job submitted for Heptazine with ID: Submitted batch job 4326588
2024-12-30 10:56:43,398 - INFO - Successfully generated input file for Cyclazine at a1_0.49_b1_-0.25_a2_0.65_b2_-0.10_S/Cyclazine_a1_0.49_b1_-0.25_a2_0.65_b2_-0.10_S.inp
2024-12-30 10:56:43,399 - INFO - Submitting job for Cyclazine in directory a1_0.49_b1_-0.25_a2_0.65_b2_-0.10_S
2024-12-30 10:56:43,416 - INFO - Job submitted for Cyclazine with ID: Submitted batch job 4326589
2024-12-30 10:56:43,417 - INFO - Processing molecule: Heptazine
2024-12-30 10:56:43,417 - ERROR - [ERROR] Singlet job for Heptazine is not completed yet.
2024-12-30 10:56:43,417 - ERROR - Directory /bighome/ali/Projects/Functional_Optimizer/Bayesian_Optimization_v2/a1_0.4858506032895836_b1_-0.2496750393129465_a2_0.6539298855287704_b2_-0.09890419003727066_S does not exist.
2024-12-30 10:56:43,417 - ERROR - [ERROR] Singlet job for Heptazine is not completed yet.
2024-12-30 10:56:43,417 - ERROR - Skipping molecule Heptazine after failed retries.
2024-12-30 10:56:43,417 - INFO - Processing molecule: Cyclazine
2024-12-30 10:56:43,417 - ERROR - [ERROR] Singlet job for Cyclazine is not completed yet.
2024-12-30 10:56:43,417 - ERROR - Directory /bighome/ali/Projects/Functional_Optimizer/Bayesian_Optimization_v2/a1_0.4858506032895836_b1_-0.2496750393129465_a2_0.6539298855287704_b2_-0.09890419003727066_S does not exist.
2024-12-30 10:56:43,417 - ERROR - [ERROR] Singlet job for Cyclazine is not completed yet.
2024-12-30 10:56:43,417 - ERROR - Skipping molecule Cyclazine after failed retries.
2024-12-30 10:56:43,419 - INFO - build_posterior_wrapper took 0.001297 seconds
2024-12-30 10:56:43,419 - INFO - TPE using 47/47 trials with best loss inf
2024-12-30 10:56:43,440 - INFO - Successfully generated input file for Heptazine at a1_0.47_b1_-0.22_a2_0.68_b2_-0.10_S/Heptazine_a1_0.47_b1_-0.22_a2_0.68_b2_-0.10_S.inp
2024-12-30 10:56:43,441 - INFO - Submitting job for Heptazine in directory a1_0.47_b1_-0.22_a2_0.68_b2_-0.10_S
2024-12-30 10:56:43,458 - INFO - Job submitted for Heptazine with ID: Submitted batch job 4326590
2024-12-30 10:56:43,470 - INFO - Successfully generated input file for Cyclazine at a1_0.47_b1_-0.22_a2_0.68_b2_-0.10_S/Cyclazine_a1_0.47_b1_-0.22_a2_0.68_b2_-0.10_S.inp
2024-12-30 10:56:43,471 - INFO - Submitting job for Cyclazine in directory a1_0.47_b1_-0.22_a2_0.68_b2_-0.10_S
2024-12-30 10:56:43,488 - INFO - Job submitted for Cyclazine with ID: Submitted batch job 4326591
2024-12-30 10:56:43,489 - INFO - Processing molecule: Heptazine
2024-12-30 10:56:43,489 - ERROR - [ERROR] Singlet job for Heptazine is not completed yet.
2024-12-30 10:56:43,489 - ERROR - Directory /bighome/ali/Projects/Functional_Optimizer/Bayesian_Optimization_v2/a1_0.4682749279086358_b1_-0.21711661957756798_a2_0.6767423829948676_b2_-0.1015419770076713_S does not exist.
2024-12-30 10:56:43,489 - ERROR - [ERROR] Singlet job for Heptazine is not completed yet.
2024-12-30 10:56:43,489 - ERROR - Skipping molecule Heptazine after failed retries.
2024-12-30 10:56:43,489 - INFO - Processing molecule: Cyclazine
2024-12-30 10:56:43,489 - ERROR - [ERROR] Singlet job for Cyclazine is not completed yet.
2024-12-30 10:56:43,489 - ERROR - Directory /bighome/ali/Projects/Functional_Optimizer/Bayesian_Optimization_v2/a1_0.4682749279086358_b1_-0.21711661957756798_a2_0.6767423829948676_b2_-0.1015419770076713_S does not exist.
2024-12-30 10:56:43,489 - ERROR - [ERROR] Singlet job for Cyclazine is not completed yet.
2024-12-30 10:56:43,489 - ERROR - Skipping molecule Cyclazine after failed retries.
2024-12-30 10:56:43,491 - INFO - build_posterior_wrapper took 0.001318 seconds
2024-12-30 10:56:43,492 - INFO - TPE using 48/48 trials with best loss inf
2024-12-30 10:56:43,513 - INFO - Successfully generated input file for Heptazine at a1_0.46_b1_-0.27_a2_0.71_b2_-0.11_S/Heptazine_a1_0.46_b1_-0.27_a2_0.71_b2_-0.11_S.inp
2024-12-30 10:56:43,514 - INFO - Submitting job for Heptazine in directory a1_0.46_b1_-0.27_a2_0.71_b2_-0.11_S
2024-12-30 10:56:43,532 - INFO - Job submitted for Heptazine with ID: Submitted batch job 4326592
2024-12-30 10:56:43,543 - INFO - Successfully generated input file for Cyclazine at a1_0.46_b1_-0.27_a2_0.71_b2_-0.11_S/Cyclazine_a1_0.46_b1_-0.27_a2_0.71_b2_-0.11_S.inp
2024-12-30 10:56:43,544 - INFO - Submitting job for Cyclazine in directory a1_0.46_b1_-0.27_a2_0.71_b2_-0.11_S
2024-12-30 10:56:43,562 - INFO - Job submitted for Cyclazine with ID: Submitted batch job 4326593
2024-12-30 10:56:43,562 - INFO - Processing molecule: Heptazine
2024-12-30 10:56:43,562 - ERROR - [ERROR] Singlet job for Heptazine is not completed yet.
2024-12-30 10:56:43,562 - ERROR - Directory /bighome/ali/Projects/Functional_Optimizer/Bayesian_Optimization_v2/a1_0.4561039228279678_b1_-0.27401412803416114_a2_0.7138573462484301_b2_-0.10610444191629698_S does not exist.
2024-12-30 10:56:43,562 - ERROR - [ERROR] Singlet job for Heptazine is not completed yet.
2024-12-30 10:56:43,562 - ERROR - Skipping molecule Heptazine after failed retries.
2024-12-30 10:56:43,562 - INFO - Processing molecule: Cyclazine
2024-12-30 10:56:43,563 - ERROR - [ERROR] Singlet job for Cyclazine is not completed yet.
2024-12-30 10:56:43,563 - ERROR - Directory /bighome/ali/Projects/Functional_Optimizer/Bayesian_Optimization_v2/a1_0.4561039228279678_b1_-0.27401412803416114_a2_0.7138573462484301_b2_-0.10610444191629698_S does not exist.
2024-12-30 10:56:43,563 - ERROR - [ERROR] Singlet job for Cyclazine is not completed yet.
2024-12-30 10:56:43,563 - ERROR - Skipping molecule Cyclazine after failed retries.
2024-12-30 10:56:43,564 - INFO - build_posterior_wrapper took 0.001323 seconds
2024-12-30 10:56:43,565 - INFO - TPE using 49/49 trials with best loss inf
2024-12-30 10:56:43,586 - INFO - Successfully generated input file for Heptazine at a1_0.50_b1_-0.27_a2_0.73_b2_-0.11_S/Heptazine_a1_0.50_b1_-0.27_a2_0.73_b2_-0.11_S.inp
2024-12-30 10:56:43,587 - INFO - Submitting job for Heptazine in directory a1_0.50_b1_-0.27_a2_0.73_b2_-0.11_S
2024-12-30 10:56:43,604 - INFO - Job submitted for Heptazine with ID: Submitted batch job 4326594
2024-12-30 10:56:43,616 - INFO - Successfully generated input file for Cyclazine at a1_0.50_b1_-0.27_a2_0.73_b2_-0.11_S/Cyclazine_a1_0.50_b1_-0.27_a2_0.73_b2_-0.11_S.inp
2024-12-30 10:56:43,617 - INFO - Submitting job for Cyclazine in directory a1_0.50_b1_-0.27_a2_0.73_b2_-0.11_S
2024-12-30 10:56:43,635 - INFO - Job submitted for Cyclazine with ID: Submitted batch job 4326595
2024-12-30 10:56:43,635 - INFO - Processing molecule: Heptazine
2024-12-30 10:56:43,635 - ERROR - [ERROR] Singlet job for Heptazine is not completed yet.
2024-12-30 10:56:43,635 - ERROR - Directory /bighome/ali/Projects/Functional_Optimizer/Bayesian_Optimization_v2/a1_0.4954057212731109_b1_-0.26615118390220693_a2_0.7315154318029516_b2_-0.11269548300128583_S does not exist.
2024-12-30 10:56:43,635 - ERROR - [ERROR] Singlet job for Heptazine is not completed yet.
2024-12-30 10:56:43,635 - ERROR - Skipping molecule Heptazine after failed retries.
2024-12-30 10:56:43,635 - INFO - Processing molecule: Cyclazine
2024-12-30 10:56:43,635 - ERROR - [ERROR] Singlet job for Cyclazine is not completed yet.
2024-12-30 10:56:43,636 - ERROR - Directory /bighome/ali/Projects/Functional_Optimizer/Bayesian_Optimization_v2/a1_0.4954057212731109_b1_-0.26615118390220693_a2_0.7315154318029516_b2_-0.11269548300128583_S does not exist.
2024-12-30 10:56:43,636 - ERROR - [ERROR] Singlet job for Cyclazine is not completed yet.
2024-12-30 10:56:43,636 - ERROR - Skipping molecule Cyclazine after failed retries.
2024-12-30 10:56:43,638 - INFO - build_posterior_wrapper took 0.001332 seconds
2024-12-30 10:56:43,638 - INFO - TPE using 50/50 trials with best loss inf
2024-12-30 10:56:43,674 - INFO - Successfully generated input file for Heptazine at a1_0.51_b1_-0.24_a2_0.68_b2_-0.12_S/Heptazine_a1_0.51_b1_-0.24_a2_0.68_b2_-0.12_S.inp
2024-12-30 10:56:43,675 - INFO - Submitting job for Heptazine in directory a1_0.51_b1_-0.24_a2_0.68_b2_-0.12_S
2024-12-30 10:56:43,693 - INFO - Job submitted for Heptazine with ID: Submitted batch job 4326596
2024-12-30 10:56:43,705 - INFO - Successfully generated input file for Cyclazine at a1_0.51_b1_-0.24_a2_0.68_b2_-0.12_S/Cyclazine_a1_0.51_b1_-0.24_a2_0.68_b2_-0.12_S.inp
2024-12-30 10:56:43,706 - INFO - Submitting job for Cyclazine in directory a1_0.51_b1_-0.24_a2_0.68_b2_-0.12_S
2024-12-30 10:56:43,723 - INFO - Job submitted for Cyclazine with ID: Submitted batch job 4326597
2024-12-30 10:56:43,723 - INFO - Processing molecule: Heptazine
2024-12-30 10:56:43,724 - ERROR - [ERROR] Singlet job for Heptazine is not completed yet.
2024-12-30 10:56:43,724 - ERROR - Directory /bighome/ali/Projects/Functional_Optimizer/Bayesian_Optimization_v2/a1_0.5083916815244174_b1_-0.2378800604107824_a2_0.6804777546798434_b2_-0.11817504849395785_S does not exist.
2024-12-30 10:56:43,724 - ERROR - [ERROR] Singlet job for Heptazine is not completed yet.
2024-12-30 10:56:43,724 - ERROR - Skipping molecule Heptazine after failed retries.
2024-12-30 10:56:43,724 - INFO - Processing molecule: Cyclazine
2024-12-30 10:56:43,724 - ERROR - [ERROR] Singlet job for Cyclazine is not completed yet.
2024-12-30 10:56:43,724 - ERROR - Directory /bighome/ali/Projects/Functional_Optimizer/Bayesian_Optimization_v2/a1_0.5083916815244174_b1_-0.2378800604107824_a2_0.6804777546798434_b2_-0.11817504849395785_S does not exist.
2024-12-30 10:56:43,724 - ERROR - [ERROR] Singlet job for Cyclazine is not completed yet.
2024-12-30 10:56:43,724 - ERROR - Skipping molecule Cyclazine after failed retries.
2024-12-30 10:56:43,726 - INFO - build_posterior_wrapper took 0.001312 seconds
2024-12-30 10:56:43,726 - INFO - TPE using 51/51 trials with best loss inf
2024-12-30 10:56:43,747 - INFO - Successfully generated input file for Heptazine at a1_0.52_b1_-0.22_a2_0.70_b2_-0.11_S/Heptazine_a1_0.52_b1_-0.22_a2_0.70_b2_-0.11_S.inp
2024-12-30 10:56:43,748 - INFO - Submitting job for Heptazine in directory a1_0.52_b1_-0.22_a2_0.70_b2_-0.11_S
2024-12-30 10:56:43,765 - INFO - Job submitted for Heptazine with ID: Submitted batch job 4326598
2024-12-30 10:56:43,777 - INFO - Successfully generated input file for Cyclazine at a1_0.52_b1_-0.22_a2_0.70_b2_-0.11_S/Cyclazine_a1_0.52_b1_-0.22_a2_0.70_b2_-0.11_S.inp
2024-12-30 10:56:43,778 - INFO - Submitting job for Cyclazine in directory a1_0.52_b1_-0.22_a2_0.70_b2_-0.11_S
2024-12-30 10:56:43,796 - INFO - Job submitted for Cyclazine with ID: Submitted batch job 4326599
2024-12-30 10:56:43,796 - INFO - Processing molecule: Heptazine
2024-12-30 10:56:43,796 - ERROR - [ERROR] Singlet job for Heptazine is not completed yet.
2024-12-30 10:56:43,796 - ERROR - Directory /bighome/ali/Projects/Functional_Optimizer/Bayesian_Optimization_v2/a1_0.5211107299592463_b1_-0.22178673727134682_a2_0.7049664086061661_b2_-0.11479142458884453_S does not exist.
2024-12-30 10:56:43,796 - ERROR - [ERROR] Singlet job for Heptazine is not completed yet.
2024-12-30 10:56:43,796 - ERROR - Skipping molecule Heptazine after failed retries.
2024-12-30 10:56:43,796 - INFO - Processing molecule: Cyclazine
2024-12-30 10:56:43,796 - ERROR - [ERROR] Singlet job for Cyclazine is not completed yet.
2024-12-30 10:56:43,796 - ERROR - Directory /bighome/ali/Projects/Functional_Optimizer/Bayesian_Optimization_v2/a1_0.5211107299592463_b1_-0.22178673727134682_a2_0.7049664086061661_b2_-0.11479142458884453_S does not exist.
2024-12-30 10:56:43,796 - ERROR - [ERROR] Singlet job for Cyclazine is not completed yet.
2024-12-30 10:56:43,796 - ERROR - Skipping molecule Cyclazine after failed retries.
2024-12-30 10:56:43,798 - INFO - build_posterior_wrapper took 0.001397 seconds
2024-12-30 10:56:43,799 - INFO - TPE using 52/52 trials with best loss inf
2024-12-30 10:56:43,820 - INFO - Successfully generated input file for Heptazine at a1_0.47_b1_-0.25_a2_0.70_b2_-0.10_S/Heptazine_a1_0.47_b1_-0.25_a2_0.70_b2_-0.10_S.inp
2024-12-30 10:56:43,821 - INFO - Submitting job for Heptazine in directory a1_0.47_b1_-0.25_a2_0.70_b2_-0.10_S
2024-12-30 10:56:43,839 - INFO - Job submitted for Heptazine with ID: Submitted batch job 4326600
2024-12-30 10:56:43,850 - INFO - Successfully generated input file for Cyclazine at a1_0.47_b1_-0.25_a2_0.70_b2_-0.10_S/Cyclazine_a1_0.47_b1_-0.25_a2_0.70_b2_-0.10_S.inp
2024-12-30 10:56:43,851 - INFO - Submitting job for Cyclazine in directory a1_0.47_b1_-0.25_a2_0.70_b2_-0.10_S
2024-12-30 10:56:43,869 - INFO - Job submitted for Cyclazine with ID: Submitted batch job 4326601
2024-12-30 10:56:43,869 - INFO - Processing molecule: Heptazine
2024-12-30 10:56:43,870 - ERROR - [ERROR] Singlet job for Heptazine is not completed yet.
2024-12-30 10:56:43,870 - ERROR - Directory /bighome/ali/Projects/Functional_Optimizer/Bayesian_Optimization_v2/a1_0.47325674142228613_b1_-0.2507520770596147_a2_0.6953487207504279_b2_-0.10481962550600493_S does not exist.
2024-12-30 10:56:43,870 - ERROR - [ERROR] Singlet job for Heptazine is not completed yet.
2024-12-30 10:56:43,870 - ERROR - Skipping molecule Heptazine after failed retries.
2024-12-30 10:56:43,870 - INFO - Processing molecule: Cyclazine
2024-12-30 10:56:43,870 - ERROR - [ERROR] Singlet job for Cyclazine is not completed yet.
2024-12-30 10:56:43,870 - ERROR - Directory /bighome/ali/Projects/Functional_Optimizer/Bayesian_Optimization_v2/a1_0.47325674142228613_b1_-0.2507520770596147_a2_0.6953487207504279_b2_-0.10481962550600493_S does not exist.
2024-12-30 10:56:43,870 - ERROR - [ERROR] Singlet job for Cyclazine is not completed yet.
2024-12-30 10:56:43,870 - ERROR - Skipping molecule Cyclazine after failed retries.
2024-12-30 10:56:43,889 - INFO - build_posterior_wrapper took 0.018852 seconds
2024-12-30 10:56:43,889 - INFO - TPE using 53/53 trials with best loss inf
2024-12-30 10:56:43,911 - INFO - Successfully generated input file for Heptazine at a1_0.48_b1_-0.24_a2_0.65_b2_-0.09_S/Heptazine_a1_0.48_b1_-0.24_a2_0.65_b2_-0.09_S.inp
2024-12-30 10:56:43,912 - INFO - Submitting job for Heptazine in directory a1_0.48_b1_-0.24_a2_0.65_b2_-0.09_S
2024-12-30 10:56:43,930 - INFO - Job submitted for Heptazine with ID: Submitted batch job 4326602
2024-12-30 10:56:43,942 - INFO - Successfully generated input file for Cyclazine at a1_0.48_b1_-0.24_a2_0.65_b2_-0.09_S/Cyclazine_a1_0.48_b1_-0.24_a2_0.65_b2_-0.09_S.inp
2024-12-30 10:56:43,943 - INFO - Submitting job for Cyclazine in directory a1_0.48_b1_-0.24_a2_0.65_b2_-0.09_S
2024-12-30 10:56:43,960 - INFO - Job submitted for Cyclazine with ID: Submitted batch job 4326603
2024-12-30 10:56:43,960 - INFO - Processing molecule: Heptazine
2024-12-30 10:56:43,961 - ERROR - [ERROR] Singlet job for Heptazine is not completed yet.
2024-12-30 10:56:43,961 - ERROR - Directory /bighome/ali/Projects/Functional_Optimizer/Bayesian_Optimization_v2/a1_0.4805489572612983_b1_-0.24184005996355454_a2_0.6507150693236686_b2_-0.09299641798535105_S does not exist.
2024-12-30 10:56:43,961 - ERROR - [ERROR] Singlet job for Heptazine is not completed yet.
2024-12-30 10:56:43,961 - ERROR - Skipping molecule Heptazine after failed retries.
2024-12-30 10:56:43,961 - INFO - Processing molecule: Cyclazine
2024-12-30 10:56:43,961 - ERROR - [ERROR] Singlet job for Cyclazine is not completed yet.
2024-12-30 10:56:43,961 - ERROR - Directory /bighome/ali/Projects/Functional_Optimizer/Bayesian_Optimization_v2/a1_0.4805489572612983_b1_-0.24184005996355454_a2_0.6507150693236686_b2_-0.09299641798535105_S does not exist.
2024-12-30 10:56:43,961 - ERROR - [ERROR] Singlet job for Cyclazine is not completed yet.
2024-12-30 10:56:43,961 - ERROR - Skipping molecule Cyclazine after failed retries.
2024-12-30 10:56:43,963 - INFO - build_posterior_wrapper took 0.001383 seconds
2024-12-30 10:56:43,963 - INFO - TPE using 54/54 trials with best loss inf
2024-12-30 10:56:43,985 - INFO - Successfully generated input file for Heptazine at a1_0.46_b1_-0.28_a2_0.71_b2_-0.11_S/Heptazine_a1_0.46_b1_-0.28_a2_0.71_b2_-0.11_S.inp
2024-12-30 10:56:43,986 - INFO - Submitting job for Heptazine in directory a1_0.46_b1_-0.28_a2_0.71_b2_-0.11_S
2024-12-30 10:56:44,003 - INFO - Job submitted for Heptazine with ID: Submitted batch job 4326604
2024-12-30 10:56:44,015 - INFO - Successfully generated input file for Cyclazine at a1_0.46_b1_-0.28_a2_0.71_b2_-0.11_S/Cyclazine_a1_0.46_b1_-0.28_a2_0.71_b2_-0.11_S.inp
2024-12-30 10:56:44,016 - INFO - Submitting job for Cyclazine in directory a1_0.46_b1_-0.28_a2_0.71_b2_-0.11_S
2024-12-30 10:56:44,034 - INFO - Job submitted for Cyclazine with ID: Submitted batch job 4326605
2024-12-30 10:56:44,034 - INFO - Processing molecule: Heptazine
2024-12-30 10:56:44,034 - ERROR - [ERROR] Singlet job for Heptazine is not completed yet.
2024-12-30 10:56:44,034 - ERROR - Directory /bighome/ali/Projects/Functional_Optimizer/Bayesian_Optimization_v2/a1_0.46179752895153275_b1_-0.2765523246349908_a2_0.7118452636896022_b2_-0.1064321391781458_S does not exist.
2024-12-30 10:56:44,034 - ERROR - [ERROR] Singlet job for Heptazine is not completed yet.
2024-12-30 10:56:44,034 - ERROR - Skipping molecule Heptazine after failed retries.
2024-12-30 10:56:44,035 - INFO - Processing molecule: Cyclazine
2024-12-30 10:56:44,035 - ERROR - [ERROR] Singlet job for Cyclazine is not completed yet.
2024-12-30 10:56:44,035 - ERROR - Directory /bighome/ali/Projects/Functional_Optimizer/Bayesian_Optimization_v2/a1_0.46179752895153275_b1_-0.2765523246349908_a2_0.7118452636896022_b2_-0.1064321391781458_S does not exist.
2024-12-30 10:56:44,035 - ERROR - [ERROR] Singlet job for Cyclazine is not completed yet.
2024-12-30 10:56:44,035 - ERROR - Skipping molecule Cyclazine after failed retries.
2024-12-30 10:56:44,036 - INFO - build_posterior_wrapper took 0.001354 seconds
2024-12-30 10:56:44,037 - INFO - TPE using 55/55 trials with best loss inf
2024-12-30 10:56:44,058 - INFO - Successfully generated input file for Heptazine at a1_0.48_b1_-0.19_a2_0.73_b2_-0.11_S/Heptazine_a1_0.48_b1_-0.19_a2_0.73_b2_-0.11_S.inp
2024-12-30 10:56:44,059 - INFO - Submitting job for Heptazine in directory a1_0.48_b1_-0.19_a2_0.73_b2_-0.11_S
2024-12-30 10:56:44,077 - INFO - Job submitted for Heptazine with ID: Submitted batch job 4326606
2024-12-30 10:56:44,089 - INFO - Successfully generated input file for Cyclazine at a1_0.48_b1_-0.19_a2_0.73_b2_-0.11_S/Cyclazine_a1_0.48_b1_-0.19_a2_0.73_b2_-0.11_S.inp
2024-12-30 10:56:44,090 - INFO - Submitting job for Cyclazine in directory a1_0.48_b1_-0.19_a2_0.73_b2_-0.11_S
2024-12-30 10:56:44,108 - INFO - Job submitted for Cyclazine with ID: Submitted batch job 4326607
2024-12-30 10:56:44,108 - INFO - Processing molecule: Heptazine
2024-12-30 10:56:44,108 - ERROR - [ERROR] Singlet job for Heptazine is not completed yet.
2024-12-30 10:56:44,108 - ERROR - Directory /bighome/ali/Projects/Functional_Optimizer/Bayesian_Optimization_v2/a1_0.47672898670925984_b1_-0.18888055143771598_a2_0.7342440725213709_b2_-0.109803656615679_S does not exist.
2024-12-30 10:56:44,108 - ERROR - [ERROR] Singlet job for Heptazine is not completed yet.
2024-12-30 10:56:44,108 - ERROR - Skipping molecule Heptazine after failed retries.
2024-12-30 10:56:44,108 - INFO - Processing molecule: Cyclazine
2024-12-30 10:56:44,108 - ERROR - [ERROR] Singlet job for Cyclazine is not completed yet.
2024-12-30 10:56:44,108 - ERROR - Directory /bighome/ali/Projects/Functional_Optimizer/Bayesian_Optimization_v2/a1_0.47672898670925984_b1_-0.18888055143771598_a2_0.7342440725213709_b2_-0.109803656615679_S does not exist.
2024-12-30 10:56:44,109 - ERROR - [ERROR] Singlet job for Cyclazine is not completed yet.
2024-12-30 10:56:44,109 - ERROR - Skipping molecule Cyclazine after failed retries.
2024-12-30 10:56:44,111 - INFO - build_posterior_wrapper took 0.001382 seconds
2024-12-30 10:56:44,111 - INFO - TPE using 56/56 trials with best loss inf
2024-12-30 10:56:44,132 - INFO - Successfully generated input file for Heptazine at a1_0.51_b1_-0.23_a2_0.70_b2_-0.11_S/Heptazine_a1_0.51_b1_-0.23_a2_0.70_b2_-0.11_S.inp
2024-12-30 10:56:44,133 - INFO - Submitting job for Heptazine in directory a1_0.51_b1_-0.23_a2_0.70_b2_-0.11_S
2024-12-30 10:56:44,150 - INFO - Job submitted for Heptazine with ID: Submitted batch job 4326608
2024-12-30 10:56:44,162 - INFO - Successfully generated input file for Cyclazine at a1_0.51_b1_-0.23_a2_0.70_b2_-0.11_S/Cyclazine_a1_0.51_b1_-0.23_a2_0.70_b2_-0.11_S.inp
2024-12-30 10:56:44,163 - INFO - Submitting job for Cyclazine in directory a1_0.51_b1_-0.23_a2_0.70_b2_-0.11_S
2024-12-30 10:56:44,181 - INFO - Job submitted for Cyclazine with ID: Submitted batch job 4326609
2024-12-30 10:56:44,181 - INFO - Processing molecule: Heptazine
2024-12-30 10:56:44,181 - ERROR - [ERROR] Singlet job for Heptazine is not completed yet.
2024-12-30 10:56:44,181 - ERROR - Directory /bighome/ali/Projects/Functional_Optimizer/Bayesian_Optimization_v2/a1_0.5128396762761502_b1_-0.2324140070446213_a2_0.7026775788287243_b2_-0.11324264963492686_S does not exist.
2024-12-30 10:56:44,182 - ERROR - [ERROR] Singlet job for Heptazine is not completed yet.
2024-12-30 10:56:44,182 - ERROR - Skipping molecule Heptazine after failed retries.
2024-12-30 10:56:44,182 - INFO - Processing molecule: Cyclazine
2024-12-30 10:56:44,182 - ERROR - [ERROR] Singlet job for Cyclazine is not completed yet.
2024-12-30 10:56:44,182 - ERROR - Directory /bighome/ali/Projects/Functional_Optimizer/Bayesian_Optimization_v2/a1_0.5128396762761502_b1_-0.2324140070446213_a2_0.7026775788287243_b2_-0.11324264963492686_S does not exist.
2024-12-30 10:56:44,182 - ERROR - [ERROR] Singlet job for Cyclazine is not completed yet.
2024-12-30 10:56:44,182 - ERROR - Skipping molecule Cyclazine after failed retries.
2024-12-30 10:56:44,183 - INFO - build_posterior_wrapper took 0.001370 seconds
2024-12-30 10:56:44,184 - INFO - TPE using 57/57 trials with best loss inf
2024-12-30 10:56:44,205 - INFO - Successfully generated input file for Heptazine at a1_0.49_b1_-0.21_a2_0.69_b2_-0.10_S/Heptazine_a1_0.49_b1_-0.21_a2_0.69_b2_-0.10_S.inp
2024-12-30 10:56:44,206 - INFO - Submitting job for Heptazine in directory a1_0.49_b1_-0.21_a2_0.69_b2_-0.10_S
2024-12-30 10:56:44,223 - INFO - Job submitted for Heptazine with ID: Submitted batch job 4326610
2024-12-30 10:56:44,235 - INFO - Successfully generated input file for Cyclazine at a1_0.49_b1_-0.21_a2_0.69_b2_-0.10_S/Cyclazine_a1_0.49_b1_-0.21_a2_0.69_b2_-0.10_S.inp
2024-12-30 10:56:44,236 - INFO - Submitting job for Cyclazine in directory a1_0.49_b1_-0.21_a2_0.69_b2_-0.10_S
2024-12-30 10:56:44,254 - INFO - Job submitted for Cyclazine with ID: Submitted batch job 4326611
2024-12-30 10:56:44,254 - INFO - Processing molecule: Heptazine
2024-12-30 10:56:44,254 - ERROR - [ERROR] Singlet job for Heptazine is not completed yet.
2024-12-30 10:56:44,255 - ERROR - Directory /bighome/ali/Projects/Functional_Optimizer/Bayesian_Optimization_v2/a1_0.48664043385807737_b1_-0.21064603876069538_a2_0.6932495296986128_b2_-0.09647806887502143_S does not exist.
2024-12-30 10:56:44,255 - ERROR - [ERROR] Singlet job for Heptazine is not completed yet.
2024-12-30 10:56:44,255 - ERROR - Skipping molecule Heptazine after failed retries.
2024-12-30 10:56:44,255 - INFO - Processing molecule: Cyclazine
2024-12-30 10:56:44,255 - ERROR - [ERROR] Singlet job for Cyclazine is not completed yet.
2024-12-30 10:56:44,255 - ERROR - Directory /bighome/ali/Projects/Functional_Optimizer/Bayesian_Optimization_v2/a1_0.48664043385807737_b1_-0.21064603876069538_a2_0.6932495296986128_b2_-0.09647806887502143_S does not exist.
2024-12-30 10:56:44,255 - ERROR - [ERROR] Singlet job for Cyclazine is not completed yet.
2024-12-30 10:56:44,255 - ERROR - Skipping molecule Cyclazine after failed retries.
2024-12-30 10:56:44,257 - INFO - build_posterior_wrapper took 0.001344 seconds
2024-12-30 10:56:44,257 - INFO - TPE using 58/58 trials with best loss inf
2024-12-30 10:56:44,279 - INFO - Successfully generated input file for Heptazine at a1_0.48_b1_-0.26_a2_0.67_b2_-0.09_S/Heptazine_a1_0.48_b1_-0.26_a2_0.67_b2_-0.09_S.inp
2024-12-30 10:56:44,280 - INFO - Submitting job for Heptazine in directory a1_0.48_b1_-0.26_a2_0.67_b2_-0.09_S
2024-12-30 10:56:44,309 - INFO - Job submitted for Heptazine with ID: Submitted batch job 4326612
2024-12-30 10:56:44,321 - INFO - Successfully generated input file for Cyclazine at a1_0.48_b1_-0.26_a2_0.67_b2_-0.09_S/Cyclazine_a1_0.48_b1_-0.26_a2_0.67_b2_-0.09_S.inp
2024-12-30 10:56:44,322 - INFO - Submitting job for Cyclazine in directory a1_0.48_b1_-0.26_a2_0.67_b2_-0.09_S
2024-12-30 10:56:44,340 - INFO - Job submitted for Cyclazine with ID: Submitted batch job 4326613
2024-12-30 10:56:44,340 - INFO - Processing molecule: Heptazine
2024-12-30 10:56:44,340 - ERROR - [ERROR] Singlet job for Heptazine is not completed yet.
2024-12-30 10:56:44,340 - ERROR - Directory /bighome/ali/Projects/Functional_Optimizer/Bayesian_Optimization_v2/a1_0.48250996528106493_b1_-0.2566860571531477_a2_0.6686822673426686_b2_-0.08864406440006804_S does not exist.
2024-12-30 10:56:44,340 - ERROR - [ERROR] Singlet job for Heptazine is not completed yet.
2024-12-30 10:56:44,340 - ERROR - Skipping molecule Heptazine after failed retries.
2024-12-30 10:56:44,340 - INFO - Processing molecule: Cyclazine
2024-12-30 10:56:44,340 - ERROR - [ERROR] Singlet job for Cyclazine is not completed yet.
2024-12-30 10:56:44,340 - ERROR - Directory /bighome/ali/Projects/Functional_Optimizer/Bayesian_Optimization_v2/a1_0.48250996528106493_b1_-0.2566860571531477_a2_0.6686822673426686_b2_-0.08864406440006804_S does not exist.
2024-12-30 10:56:44,341 - ERROR - [ERROR] Singlet job for Cyclazine is not completed yet.
2024-12-30 10:56:44,341 - ERROR - Skipping molecule Cyclazine after failed retries.
2024-12-30 10:56:44,342 - INFO - build_posterior_wrapper took 0.001334 seconds
2024-12-30 10:56:44,343 - INFO - TPE using 59/59 trials with best loss inf
2024-12-30 10:56:44,364 - INFO - Successfully generated input file for Heptazine at a1_0.47_b1_-0.26_a2_0.64_b2_-0.10_S/Heptazine_a1_0.47_b1_-0.26_a2_0.64_b2_-0.10_S.inp
2024-12-30 10:56:44,365 - INFO - Submitting job for Heptazine in directory a1_0.47_b1_-0.26_a2_0.64_b2_-0.10_S
2024-12-30 10:56:44,383 - INFO - Job submitted for Heptazine with ID: Submitted batch job 4326614
2024-12-30 10:56:44,411 - INFO - Successfully generated input file for Cyclazine at a1_0.47_b1_-0.26_a2_0.64_b2_-0.10_S/Cyclazine_a1_0.47_b1_-0.26_a2_0.64_b2_-0.10_S.inp
2024-12-30 10:56:44,412 - INFO - Submitting job for Cyclazine in directory a1_0.47_b1_-0.26_a2_0.64_b2_-0.10_S
2024-12-30 10:56:44,429 - INFO - Job submitted for Cyclazine with ID: Submitted batch job 4326615
2024-12-30 10:56:44,430 - INFO - Processing molecule: Heptazine
2024-12-30 10:56:44,430 - ERROR - [ERROR] Singlet job for Heptazine is not completed yet.
2024-12-30 10:56:44,430 - ERROR - Directory /bighome/ali/Projects/Functional_Optimizer/Bayesian_Optimization_v2/a1_0.47283847650396815_b1_-0.2597293215245881_a2_0.6426878344677996_b2_-0.10240310090137256_S does not exist.
2024-12-30 10:56:44,430 - ERROR - [ERROR] Singlet job for Heptazine is not completed yet.
2024-12-30 10:56:44,430 - ERROR - Skipping molecule Heptazine after failed retries.
2024-12-30 10:56:44,430 - INFO - Processing molecule: Cyclazine
2024-12-30 10:56:44,430 - ERROR - [ERROR] Singlet job for Cyclazine is not completed yet.
2024-12-30 10:56:44,430 - ERROR - Directory /bighome/ali/Projects/Functional_Optimizer/Bayesian_Optimization_v2/a1_0.47283847650396815_b1_-0.2597293215245881_a2_0.6426878344677996_b2_-0.10240310090137256_S does not exist.
2024-12-30 10:56:44,430 - ERROR - [ERROR] Singlet job for Cyclazine is not completed yet.
2024-12-30 10:56:44,430 - ERROR - Skipping molecule Cyclazine after failed retries.
2024-12-30 10:56:44,432 - INFO - build_posterior_wrapper took 0.001386 seconds
2024-12-30 10:56:44,433 - INFO - TPE using 60/60 trials with best loss inf
2024-12-30 10:56:44,454 - INFO - Successfully generated input file for Heptazine at a1_0.47_b1_-0.28_a2_0.73_b2_-0.11_S/Heptazine_a1_0.47_b1_-0.28_a2_0.73_b2_-0.11_S.inp
2024-12-30 10:56:44,455 - INFO - Submitting job for Heptazine in directory a1_0.47_b1_-0.28_a2_0.73_b2_-0.11_S
2024-12-30 10:56:44,472 - INFO - Job submitted for Heptazine with ID: Submitted batch job 4326616
2024-12-30 10:56:44,513 - INFO - Successfully generated input file for Cyclazine at a1_0.47_b1_-0.28_a2_0.73_b2_-0.11_S/Cyclazine_a1_0.47_b1_-0.28_a2_0.73_b2_-0.11_S.inp
2024-12-30 10:56:44,514 - INFO - Submitting job for Cyclazine in directory a1_0.47_b1_-0.28_a2_0.73_b2_-0.11_S
2024-12-30 10:56:44,532 - INFO - Job submitted for Cyclazine with ID: Submitted batch job 4326617
2024-12-30 10:56:44,532 - INFO - Processing molecule: Heptazine
2024-12-30 10:56:44,541 - ERROR - [ERROR] Singlet job for Heptazine is not completed yet.
2024-12-30 10:56:44,541 - ERROR - Directory /bighome/ali/Projects/Functional_Optimizer/Bayesian_Optimization_v2/a1_0.4658318526590726_b1_-0.2755112933881198_a2_0.728503564973296_b2_-0.10780323017586203_S does not exist.
2024-12-30 10:56:44,541 - ERROR - [ERROR] Singlet job for Heptazine is not completed yet.
2024-12-30 10:56:44,541 - ERROR - Skipping molecule Heptazine after failed retries.
2024-12-30 10:56:44,541 - INFO - Processing molecule: Cyclazine
2024-12-30 10:56:44,541 - ERROR - [ERROR] Singlet job for Cyclazine is not completed yet.
2024-12-30 10:56:44,541 - ERROR - Directory /bighome/ali/Projects/Functional_Optimizer/Bayesian_Optimization_v2/a1_0.4658318526590726_b1_-0.2755112933881198_a2_0.728503564973296_b2_-0.10780323017586203_S does not exist.
2024-12-30 10:56:44,541 - ERROR - [ERROR] Singlet job for Cyclazine is not completed yet.
2024-12-30 10:56:44,541 - ERROR - Skipping molecule Cyclazine after failed retries.
2024-12-30 10:56:44,543 - INFO - build_posterior_wrapper took 0.001267 seconds
2024-12-30 10:56:44,543 - INFO - TPE using 61/61 trials with best loss inf
2024-12-30 10:56:44,578 - INFO - Successfully generated input file for Heptazine at a1_0.46_b1_-0.20_a2_0.73_b2_-0.11_S/Heptazine_a1_0.46_b1_-0.20_a2_0.73_b2_-0.11_S.inp
2024-12-30 10:56:44,580 - INFO - Submitting job for Heptazine in directory a1_0.46_b1_-0.20_a2_0.73_b2_-0.11_S
2024-12-30 10:56:44,617 - INFO - Job submitted for Heptazine with ID: Submitted batch job 4326618
2024-12-30 10:56:44,647 - INFO - Successfully generated input file for Cyclazine at a1_0.46_b1_-0.20_a2_0.73_b2_-0.11_S/Cyclazine_a1_0.46_b1_-0.20_a2_0.73_b2_-0.11_S.inp
2024-12-30 10:56:44,648 - INFO - Submitting job for Cyclazine in directory a1_0.46_b1_-0.20_a2_0.73_b2_-0.11_S
2024-12-30 10:56:44,666 - INFO - Job submitted for Cyclazine with ID: Submitted batch job 4326619
2024-12-30 10:56:44,666 - INFO - Processing molecule: Heptazine
2024-12-30 10:56:44,672 - ERROR - [ERROR] Singlet job for Heptazine is not completed yet.
2024-12-30 10:56:44,672 - ERROR - Directory /bighome/ali/Projects/Functional_Optimizer/Bayesian_Optimization_v2/a1_0.4600777999001622_b1_-0.19796239803547605_a2_0.7257030812287312_b2_-0.10786548889865288_S does not exist.
2024-12-30 10:56:44,673 - ERROR - [ERROR] Singlet job for Heptazine is not completed yet.
2024-12-30 10:56:44,673 - ERROR - Skipping molecule Heptazine after failed retries.
2024-12-30 10:56:44,673 - INFO - Processing molecule: Cyclazine
2024-12-30 10:56:44,673 - ERROR - [ERROR] Singlet job for Cyclazine is not completed yet.
2024-12-30 10:56:44,673 - ERROR - Directory /bighome/ali/Projects/Functional_Optimizer/Bayesian_Optimization_v2/a1_0.4600777999001622_b1_-0.19796239803547605_a2_0.7257030812287312_b2_-0.10786548889865288_S does not exist.
2024-12-30 10:56:44,673 - ERROR - [ERROR] Singlet job for Cyclazine is not completed yet.
2024-12-30 10:56:44,673 - ERROR - Skipping molecule Cyclazine after failed retries.
2024-12-30 10:56:44,675 - INFO - build_posterior_wrapper took 0.001348 seconds
2024-12-30 10:56:44,675 - INFO - TPE using 62/62 trials with best loss inf
2024-12-30 10:56:44,750 - INFO - Successfully generated input file for Heptazine at a1_0.48_b1_-0.21_a2_0.70_b2_-0.11_S/Heptazine_a1_0.48_b1_-0.21_a2_0.70_b2_-0.11_S.inp
2024-12-30 10:56:44,750 - INFO - Submitting job for Heptazine in directory a1_0.48_b1_-0.21_a2_0.70_b2_-0.11_S
2024-12-30 10:56:44,771 - INFO - Job submitted for Heptazine with ID: Submitted batch job 4326620
2024-12-30 10:56:44,784 - INFO - Successfully generated input file for Cyclazine at a1_0.48_b1_-0.21_a2_0.70_b2_-0.11_S/Cyclazine_a1_0.48_b1_-0.21_a2_0.70_b2_-0.11_S.inp
2024-12-30 10:56:44,785 - INFO - Submitting job for Cyclazine in directory a1_0.48_b1_-0.21_a2_0.70_b2_-0.11_S
2024-12-30 10:56:44,804 - INFO - Job submitted for Cyclazine with ID: Submitted batch job 4326621
2024-12-30 10:56:44,804 - INFO - Processing molecule: Heptazine
2024-12-30 10:56:44,810 - ERROR - [ERROR] Singlet job for Heptazine is not completed yet.
2024-12-30 10:56:44,810 - ERROR - Directory /bighome/ali/Projects/Functional_Optimizer/Bayesian_Optimization_v2/a1_0.4829661027944906_b1_-0.2145224331475607_a2_0.696039607109734_b2_-0.11199948666811063_S does not exist.
2024-12-30 10:56:44,810 - ERROR - [ERROR] Singlet job for Heptazine is not completed yet.
2024-12-30 10:56:44,810 - ERROR - Skipping molecule Heptazine after failed retries.
2024-12-30 10:56:44,810 - INFO - Processing molecule: Cyclazine
2024-12-30 10:56:44,810 - ERROR - [ERROR] Singlet job for Cyclazine is not completed yet.
2024-12-30 10:56:44,810 - ERROR - Directory /bighome/ali/Projects/Functional_Optimizer/Bayesian_Optimization_v2/a1_0.4829661027944906_b1_-0.2145224331475607_a2_0.696039607109734_b2_-0.11199948666811063_S does not exist.
2024-12-30 10:56:44,810 - ERROR - [ERROR] Singlet job for Cyclazine is not completed yet.
2024-12-30 10:56:44,810 - ERROR - Skipping molecule Cyclazine after failed retries.
2024-12-30 10:56:44,812 - INFO - build_posterior_wrapper took 0.001313 seconds
2024-12-30 10:56:44,812 - INFO - TPE using 63/63 trials with best loss inf
2024-12-30 10:56:44,841 - INFO - Successfully generated input file for Heptazine at a1_0.49_b1_-0.21_a2_0.70_b2_-0.11_S/Heptazine_a1_0.49_b1_-0.21_a2_0.70_b2_-0.11_S.inp
2024-12-30 10:56:44,842 - INFO - Submitting job for Heptazine in directory a1_0.49_b1_-0.21_a2_0.70_b2_-0.11_S
2024-12-30 10:56:44,860 - INFO - Job submitted for Heptazine with ID: Submitted batch job 4326622
2024-12-30 10:56:44,872 - INFO - Successfully generated input file for Cyclazine at a1_0.49_b1_-0.21_a2_0.70_b2_-0.11_S/Cyclazine_a1_0.49_b1_-0.21_a2_0.70_b2_-0.11_S.inp
2024-12-30 10:56:44,873 - INFO - Submitting job for Cyclazine in directory a1_0.49_b1_-0.21_a2_0.70_b2_-0.11_S
2024-12-30 10:56:44,891 - INFO - Job submitted for Cyclazine with ID: Submitted batch job 4326623
2024-12-30 10:56:44,891 - INFO - Processing molecule: Heptazine
2024-12-30 10:56:44,891 - ERROR - [ERROR] Singlet job for Heptazine is not completed yet.
2024-12-30 10:56:44,891 - ERROR - Directory /bighome/ali/Projects/Functional_Optimizer/Bayesian_Optimization_v2/a1_0.4933958084445458_b1_-0.20803923226499688_a2_0.6985052709695722_b2_-0.1103321229900971_S does not exist.
2024-12-30 10:56:44,891 - ERROR - [ERROR] Singlet job for Heptazine is not completed yet.
2024-12-30 10:56:44,891 - ERROR - Skipping molecule Heptazine after failed retries.
2024-12-30 10:56:44,891 - INFO - Processing molecule: Cyclazine
2024-12-30 10:56:44,891 - ERROR - [ERROR] Singlet job for Cyclazine is not completed yet.
2024-12-30 10:56:44,892 - ERROR - Directory /bighome/ali/Projects/Functional_Optimizer/Bayesian_Optimization_v2/a1_0.4933958084445458_b1_-0.20803923226499688_a2_0.6985052709695722_b2_-0.1103321229900971_S does not exist.
2024-12-30 10:56:44,892 - ERROR - [ERROR] Singlet job for Cyclazine is not completed yet.
2024-12-30 10:56:44,892 - ERROR - Skipping molecule Cyclazine after failed retries.
2024-12-30 10:56:44,894 - INFO - build_posterior_wrapper took 0.001358 seconds
2024-12-30 10:56:44,894 - INFO - TPE using 64/64 trials with best loss inf
2024-12-30 10:56:44,916 - INFO - Successfully generated input file for Heptazine at a1_0.50_b1_-0.24_a2_0.64_b2_-0.09_S/Heptazine_a1_0.50_b1_-0.24_a2_0.64_b2_-0.09_S.inp
2024-12-30 10:56:44,917 - INFO - Submitting job for Heptazine in directory a1_0.50_b1_-0.24_a2_0.64_b2_-0.09_S
2024-12-30 10:56:44,935 - INFO - Job submitted for Heptazine with ID: Submitted batch job 4326624
2024-12-30 10:56:44,947 - INFO - Successfully generated input file for Cyclazine at a1_0.50_b1_-0.24_a2_0.64_b2_-0.09_S/Cyclazine_a1_0.50_b1_-0.24_a2_0.64_b2_-0.09_S.inp
2024-12-30 10:56:44,948 - INFO - Submitting job for Cyclazine in directory a1_0.50_b1_-0.24_a2_0.64_b2_-0.09_S
2024-12-30 10:56:44,966 - INFO - Job submitted for Cyclazine with ID: Submitted batch job 4326625
2024-12-30 10:56:44,966 - INFO - Processing molecule: Heptazine
2024-12-30 10:56:44,966 - ERROR - [ERROR] Singlet job for Heptazine is not completed yet.
2024-12-30 10:56:44,966 - ERROR - Directory /bighome/ali/Projects/Functional_Optimizer/Bayesian_Optimization_v2/a1_0.5026709897271299_b1_-0.2434049024544712_a2_0.6378994473857126_b2_-0.09068001176828902_S does not exist.
2024-12-30 10:56:44,966 - ERROR - [ERROR] Singlet job for Heptazine is not completed yet.
2024-12-30 10:56:44,966 - ERROR - Skipping molecule Heptazine after failed retries.
2024-12-30 10:56:44,967 - INFO - Processing molecule: Cyclazine
2024-12-30 10:56:44,967 - ERROR - [ERROR] Singlet job for Cyclazine is not completed yet.
2024-12-30 10:56:44,967 - ERROR - Directory /bighome/ali/Projects/Functional_Optimizer/Bayesian_Optimization_v2/a1_0.5026709897271299_b1_-0.2434049024544712_a2_0.6378994473857126_b2_-0.09068001176828902_S does not exist.
2024-12-30 10:56:44,967 - ERROR - [ERROR] Singlet job for Cyclazine is not completed yet.
2024-12-30 10:56:44,967 - ERROR - Skipping molecule Cyclazine after failed retries.
2024-12-30 10:56:44,968 - INFO - build_posterior_wrapper took 0.001371 seconds
2024-12-30 10:56:44,969 - INFO - TPE using 65/65 trials with best loss inf
2024-12-30 10:56:44,990 - INFO - Successfully generated input file for Heptazine at a1_0.53_b1_-0.23_a2_0.66_b2_-0.08_S/Heptazine_a1_0.53_b1_-0.23_a2_0.66_b2_-0.08_S.inp
2024-12-30 10:56:44,991 - INFO - Submitting job for Heptazine in directory a1_0.53_b1_-0.23_a2_0.66_b2_-0.08_S
2024-12-30 10:56:45,009 - INFO - Job submitted for Heptazine with ID: Submitted batch job 4326626
2024-12-30 10:56:45,021 - INFO - Successfully generated input file for Cyclazine at a1_0.53_b1_-0.23_a2_0.66_b2_-0.08_S/Cyclazine_a1_0.53_b1_-0.23_a2_0.66_b2_-0.08_S.inp
2024-12-30 10:56:45,022 - INFO - Submitting job for Cyclazine in directory a1_0.53_b1_-0.23_a2_0.66_b2_-0.08_S
2024-12-30 10:56:45,040 - INFO - Job submitted for Cyclazine with ID: Submitted batch job 4326627
2024-12-30 10:56:45,040 - INFO - Processing molecule: Heptazine
2024-12-30 10:56:45,040 - ERROR - [ERROR] Singlet job for Heptazine is not completed yet.
2024-12-30 10:56:45,040 - ERROR - Directory /bighome/ali/Projects/Functional_Optimizer/Bayesian_Optimization_v2/a1_0.5288389683006135_b1_-0.22958048007916138_a2_0.6633355211455305_b2_-0.08488251828932382_S does not exist.
2024-12-30 10:56:45,040 - ERROR - [ERROR] Singlet job for Heptazine is not completed yet.
2024-12-30 10:56:45,040 - ERROR - Skipping molecule Heptazine after failed retries.
2024-12-30 10:56:45,040 - INFO - Processing molecule: Cyclazine
2024-12-30 10:56:45,040 - ERROR - [ERROR] Singlet job for Cyclazine is not completed yet.
2024-12-30 10:56:45,041 - ERROR - Directory /bighome/ali/Projects/Functional_Optimizer/Bayesian_Optimization_v2/a1_0.5288389683006135_b1_-0.22958048007916138_a2_0.6633355211455305_b2_-0.08488251828932382_S does not exist.
2024-12-30 10:56:45,041 - ERROR - [ERROR] Singlet job for Cyclazine is not completed yet.
2024-12-30 10:56:45,041 - ERROR - Skipping molecule Cyclazine after failed retries.
2024-12-30 10:56:45,043 - INFO - build_posterior_wrapper took 0.001347 seconds
2024-12-30 10:56:45,043 - INFO - TPE using 66/66 trials with best loss inf
2024-12-30 10:56:45,079 - INFO - Successfully generated input file for Heptazine at a1_0.54_b1_-0.22_a2_0.72_b2_-0.09_S/Heptazine_a1_0.54_b1_-0.22_a2_0.72_b2_-0.09_S.inp
2024-12-30 10:56:45,080 - INFO - Submitting job for Heptazine in directory a1_0.54_b1_-0.22_a2_0.72_b2_-0.09_S
2024-12-30 10:56:45,099 - INFO - Job submitted for Heptazine with ID: Submitted batch job 4326628
2024-12-30 10:56:45,110 - INFO - Successfully generated input file for Cyclazine at a1_0.54_b1_-0.22_a2_0.72_b2_-0.09_S/Cyclazine_a1_0.54_b1_-0.22_a2_0.72_b2_-0.09_S.inp
2024-12-30 10:56:45,111 - INFO - Submitting job for Cyclazine in directory a1_0.54_b1_-0.22_a2_0.72_b2_-0.09_S
2024-12-30 10:56:45,129 - INFO - Job submitted for Cyclazine with ID: Submitted batch job 4326629
2024-12-30 10:56:45,129 - INFO - Processing molecule: Heptazine
2024-12-30 10:56:45,129 - ERROR - [ERROR] Singlet job for Heptazine is not completed yet.
2024-12-30 10:56:45,129 - ERROR - Directory /bighome/ali/Projects/Functional_Optimizer/Bayesian_Optimization_v2/a1_0.5425893657517511_b1_-0.2189623258852054_a2_0.7200934646142829_b2_-0.0852396681089314_S does not exist.
2024-12-30 10:56:45,129 - ERROR - [ERROR] Singlet job for Heptazine is not completed yet.
2024-12-30 10:56:45,129 - ERROR - Skipping molecule Heptazine after failed retries.
2024-12-30 10:56:45,129 - INFO - Processing molecule: Cyclazine
2024-12-30 10:56:45,130 - ERROR - [ERROR] Singlet job for Cyclazine is not completed yet.
2024-12-30 10:56:45,130 - ERROR - Directory /bighome/ali/Projects/Functional_Optimizer/Bayesian_Optimization_v2/a1_0.5425893657517511_b1_-0.2189623258852054_a2_0.7200934646142829_b2_-0.0852396681089314_S does not exist.
2024-12-30 10:56:45,130 - ERROR - [ERROR] Singlet job for Cyclazine is not completed yet.
2024-12-30 10:56:45,130 - ERROR - Skipping molecule Cyclazine after failed retries.
2024-12-30 10:56:45,131 - INFO - build_posterior_wrapper took 0.001338 seconds
2024-12-30 10:56:45,132 - INFO - TPE using 67/67 trials with best loss inf
2024-12-30 10:56:45,153 - INFO - Successfully generated input file for Heptazine at a1_0.54_b1_-0.22_a2_0.60_b2_-0.08_S/Heptazine_a1_0.54_b1_-0.22_a2_0.60_b2_-0.08_S.inp
2024-12-30 10:56:45,154 - INFO - Submitting job for Heptazine in directory a1_0.54_b1_-0.22_a2_0.60_b2_-0.08_S
2024-12-30 10:56:45,172 - INFO - Job submitted for Heptazine with ID: Submitted batch job 4326630
2024-12-30 10:56:45,184 - INFO - Successfully generated input file for Cyclazine at a1_0.54_b1_-0.22_a2_0.60_b2_-0.08_S/Cyclazine_a1_0.54_b1_-0.22_a2_0.60_b2_-0.08_S.inp
2024-12-30 10:56:45,185 - INFO - Submitting job for Cyclazine in directory a1_0.54_b1_-0.22_a2_0.60_b2_-0.08_S
2024-12-30 10:56:45,202 - INFO - Job submitted for Cyclazine with ID: Submitted batch job 4326631
2024-12-30 10:56:45,203 - INFO - Processing molecule: Heptazine
2024-12-30 10:56:45,203 - ERROR - [ERROR] Singlet job for Heptazine is not completed yet.
2024-12-30 10:56:45,203 - ERROR - Directory /bighome/ali/Projects/Functional_Optimizer/Bayesian_Optimization_v2/a1_0.5370282820851717_b1_-0.22360547216386437_a2_0.6001940879632714_b2_-0.0829878006645422_S does not exist.
2024-12-30 10:56:45,203 - ERROR - [ERROR] Singlet job for Heptazine is not completed yet.
2024-12-30 10:56:45,203 - ERROR - Skipping molecule Heptazine after failed retries.
2024-12-30 10:56:45,203 - INFO - Processing molecule: Cyclazine
2024-12-30 10:56:45,203 - ERROR - [ERROR] Singlet job for Cyclazine is not completed yet.
2024-12-30 10:56:45,203 - ERROR - Directory /bighome/ali/Projects/Functional_Optimizer/Bayesian_Optimization_v2/a1_0.5370282820851717_b1_-0.22360547216386437_a2_0.6001940879632714_b2_-0.0829878006645422_S does not exist.
2024-12-30 10:56:45,203 - ERROR - [ERROR] Singlet job for Cyclazine is not completed yet.
2024-12-30 10:56:45,203 - ERROR - Skipping molecule Cyclazine after failed retries.
2024-12-30 10:56:45,205 - INFO - build_posterior_wrapper took 0.001360 seconds
2024-12-30 10:56:45,206 - INFO - TPE using 68/68 trials with best loss inf
2024-12-30 10:56:45,227 - INFO - Successfully generated input file for Heptazine at a1_0.46_b1_-0.25_a2_0.75_b2_-0.08_S/Heptazine_a1_0.46_b1_-0.25_a2_0.75_b2_-0.08_S.inp
2024-12-30 10:56:45,228 - INFO - Submitting job for Heptazine in directory a1_0.46_b1_-0.25_a2_0.75_b2_-0.08_S
2024-12-30 10:56:45,246 - INFO - Job submitted for Heptazine with ID: Submitted batch job 4326632
2024-12-30 10:56:45,258 - INFO - Successfully generated input file for Cyclazine at a1_0.46_b1_-0.25_a2_0.75_b2_-0.08_S/Cyclazine_a1_0.46_b1_-0.25_a2_0.75_b2_-0.08_S.inp
2024-12-30 10:56:45,259 - INFO - Submitting job for Cyclazine in directory a1_0.46_b1_-0.25_a2_0.75_b2_-0.08_S
2024-12-30 10:56:45,277 - INFO - Job submitted for Cyclazine with ID: Submitted batch job 4326633
2024-12-30 10:56:45,277 - INFO - Processing molecule: Heptazine
2024-12-30 10:56:45,277 - ERROR - [ERROR] Singlet job for Heptazine is not completed yet.
2024-12-30 10:56:45,277 - ERROR - Directory /bighome/ali/Projects/Functional_Optimizer/Bayesian_Optimization_v2/a1_0.4561958379259012_b1_-0.24864087453750777_a2_0.7474762532279124_b2_-0.0813247227663705_S does not exist.
2024-12-30 10:56:45,278 - ERROR - [ERROR] Singlet job for Heptazine is not completed yet.
2024-12-30 10:56:45,278 - ERROR - Skipping molecule Heptazine after failed retries.
2024-12-30 10:56:45,278 - INFO - Processing molecule: Cyclazine
2024-12-30 10:56:45,278 - ERROR - [ERROR] Singlet job for Cyclazine is not completed yet.
2024-12-30 10:56:45,278 - ERROR - Directory /bighome/ali/Projects/Functional_Optimizer/Bayesian_Optimization_v2/a1_0.4561958379259012_b1_-0.24864087453750777_a2_0.7474762532279124_b2_-0.0813247227663705_S does not exist.
2024-12-30 10:56:45,278 - ERROR - [ERROR] Singlet job for Cyclazine is not completed yet.
2024-12-30 10:56:45,278 - ERROR - Skipping molecule Cyclazine after failed retries.
2024-12-30 10:56:45,279 - INFO - build_posterior_wrapper took 0.001382 seconds
2024-12-30 10:56:45,280 - INFO - TPE using 69/69 trials with best loss inf
2024-12-30 10:56:45,301 - INFO - Successfully generated input file for Heptazine at a1_0.45_b1_-0.26_a2_0.71_b2_-0.09_S/Heptazine_a1_0.45_b1_-0.26_a2_0.71_b2_-0.09_S.inp
2024-12-30 10:56:45,302 - INFO - Submitting job for Heptazine in directory a1_0.45_b1_-0.26_a2_0.71_b2_-0.09_S
2024-12-30 10:56:45,320 - INFO - Job submitted for Heptazine with ID: Submitted batch job 4326634
2024-12-30 10:56:45,332 - INFO - Successfully generated input file for Cyclazine at a1_0.45_b1_-0.26_a2_0.71_b2_-0.09_S/Cyclazine_a1_0.45_b1_-0.26_a2_0.71_b2_-0.09_S.inp
2024-12-30 10:56:45,333 - INFO - Submitting job for Cyclazine in directory a1_0.45_b1_-0.26_a2_0.71_b2_-0.09_S
2024-12-30 10:56:45,351 - INFO - Job submitted for Cyclazine with ID: Submitted batch job 4326635
2024-12-30 10:56:45,351 - INFO - Processing molecule: Heptazine
2024-12-30 10:56:45,351 - ERROR - [ERROR] Singlet job for Heptazine is not completed yet.
2024-12-30 10:56:45,351 - ERROR - Directory /bighome/ali/Projects/Functional_Optimizer/Bayesian_Optimization_v2/a1_0.45081233482308614_b1_-0.2636175793464269_a2_0.7081244527583682_b2_-0.09323891357073945_S does not exist.
2024-12-30 10:56:45,351 - ERROR - [ERROR] Singlet job for Heptazine is not completed yet.
2024-12-30 10:56:45,351 - ERROR - Skipping molecule Heptazine after failed retries.
2024-12-30 10:56:45,351 - INFO - Processing molecule: Cyclazine
2024-12-30 10:56:45,351 - ERROR - [ERROR] Singlet job for Cyclazine is not completed yet.
2024-12-30 10:56:45,352 - ERROR - Directory /bighome/ali/Projects/Functional_Optimizer/Bayesian_Optimization_v2/a1_0.45081233482308614_b1_-0.2636175793464269_a2_0.7081244527583682_b2_-0.09323891357073945_S does not exist.
2024-12-30 10:56:45,352 - ERROR - [ERROR] Singlet job for Cyclazine is not completed yet.
2024-12-30 10:56:45,352 - ERROR - Skipping molecule Cyclazine after failed retries.
2024-12-30 10:56:45,354 - INFO - build_posterior_wrapper took 0.001365 seconds
2024-12-30 10:56:45,354 - INFO - TPE using 70/70 trials with best loss inf
2024-12-30 10:56:45,376 - INFO - Successfully generated input file for Heptazine at a1_0.49_b1_-0.26_a2_0.74_b2_-0.12_S/Heptazine_a1_0.49_b1_-0.26_a2_0.74_b2_-0.12_S.inp
2024-12-30 10:56:45,377 - INFO - Submitting job for Heptazine in directory a1_0.49_b1_-0.26_a2_0.74_b2_-0.12_S
2024-12-30 10:56:45,395 - INFO - Job submitted for Heptazine with ID: Submitted batch job 4326636
2024-12-30 10:56:45,407 - INFO - Successfully generated input file for Cyclazine at a1_0.49_b1_-0.26_a2_0.74_b2_-0.12_S/Cyclazine_a1_0.49_b1_-0.26_a2_0.74_b2_-0.12_S.inp
2024-12-30 10:56:45,408 - INFO - Submitting job for Cyclazine in directory a1_0.49_b1_-0.26_a2_0.74_b2_-0.12_S
2024-12-30 10:56:45,426 - INFO - Job submitted for Cyclazine with ID: Submitted batch job 4326637
2024-12-30 10:56:45,426 - INFO - Processing molecule: Heptazine
2024-12-30 10:56:45,426 - ERROR - [ERROR] Singlet job for Heptazine is not completed yet.
2024-12-30 10:56:45,426 - ERROR - Directory /bighome/ali/Projects/Functional_Optimizer/Bayesian_Optimization_v2/a1_0.489826401273654_b1_-0.2583764802817743_a2_0.7445481370961781_b2_-0.11661945169533931_S does not exist.
2024-12-30 10:56:45,426 - ERROR - [ERROR] Singlet job for Heptazine is not completed yet.
2024-12-30 10:56:45,426 - ERROR - Skipping molecule Heptazine after failed retries.
2024-12-30 10:56:45,426 - INFO - Processing molecule: Cyclazine
2024-12-30 10:56:45,427 - ERROR - [ERROR] Singlet job for Cyclazine is not completed yet.
2024-12-30 10:56:45,427 - ERROR - Directory /bighome/ali/Projects/Functional_Optimizer/Bayesian_Optimization_v2/a1_0.489826401273654_b1_-0.2583764802817743_a2_0.7445481370961781_b2_-0.11661945169533931_S does not exist.
2024-12-30 10:56:45,427 - ERROR - [ERROR] Singlet job for Cyclazine is not completed yet.
2024-12-30 10:56:45,427 - ERROR - Skipping molecule Cyclazine after failed retries.
2024-12-30 10:56:45,428 - INFO - build_posterior_wrapper took 0.001370 seconds
2024-12-30 10:56:45,429 - INFO - TPE using 71/71 trials with best loss inf
2024-12-30 10:56:45,451 - INFO - Successfully generated input file for Heptazine at a1_0.51_b1_-0.24_a2_0.69_b2_-0.12_S/Heptazine_a1_0.51_b1_-0.24_a2_0.69_b2_-0.12_S.inp
2024-12-30 10:56:45,452 - INFO - Submitting job for Heptazine in directory a1_0.51_b1_-0.24_a2_0.69_b2_-0.12_S
2024-12-30 10:56:45,469 - INFO - Job submitted for Heptazine with ID: Submitted batch job 4326638
2024-12-30 10:56:45,481 - INFO - Successfully generated input file for Cyclazine at a1_0.51_b1_-0.24_a2_0.69_b2_-0.12_S/Cyclazine_a1_0.51_b1_-0.24_a2_0.69_b2_-0.12_S.inp
2024-12-30 10:56:45,482 - INFO - Submitting job for Cyclazine in directory a1_0.51_b1_-0.24_a2_0.69_b2_-0.12_S
2024-12-30 10:56:45,500 - INFO - Job submitted for Cyclazine with ID: Submitted batch job 4326639
2024-12-30 10:56:45,500 - INFO - Processing molecule: Heptazine
2024-12-30 10:56:45,501 - ERROR - [ERROR] Singlet job for Heptazine is not completed yet.
2024-12-30 10:56:45,501 - ERROR - Directory /bighome/ali/Projects/Functional_Optimizer/Bayesian_Optimization_v2/a1_0.5067751597996502_b1_-0.2369173925025537_a2_0.6887118990490503_b2_-0.1178781572705478_S does not exist.
2024-12-30 10:56:45,501 - ERROR - [ERROR] Singlet job for Heptazine is not completed yet.
2024-12-30 10:56:45,501 - ERROR - Skipping molecule Heptazine after failed retries.
2024-12-30 10:56:45,501 - INFO - Processing molecule: Cyclazine
2024-12-30 10:56:45,501 - ERROR - [ERROR] Singlet job for Cyclazine is not completed yet.
2024-12-30 10:56:45,501 - ERROR - Directory /bighome/ali/Projects/Functional_Optimizer/Bayesian_Optimization_v2/a1_0.5067751597996502_b1_-0.2369173925025537_a2_0.6887118990490503_b2_-0.1178781572705478_S does not exist.
2024-12-30 10:56:45,501 - ERROR - [ERROR] Singlet job for Cyclazine is not completed yet.
2024-12-30 10:56:45,501 - ERROR - Skipping molecule Cyclazine after failed retries.
2024-12-30 10:56:45,503 - INFO - build_posterior_wrapper took 0.001372 seconds
2024-12-30 10:56:45,504 - INFO - TPE using 72/72 trials with best loss inf
2024-12-30 10:56:45,525 - INFO - Successfully generated input file for Heptazine at a1_0.52_b1_-0.23_a2_0.68_b2_-0.11_S/Heptazine_a1_0.52_b1_-0.23_a2_0.68_b2_-0.11_S.inp
2024-12-30 10:56:45,526 - INFO - Submitting job for Heptazine in directory a1_0.52_b1_-0.23_a2_0.68_b2_-0.11_S
2024-12-30 10:56:45,544 - INFO - Job submitted for Heptazine with ID: Submitted batch job 4326640
2024-12-30 10:56:45,556 - INFO - Successfully generated input file for Cyclazine at a1_0.52_b1_-0.23_a2_0.68_b2_-0.11_S/Cyclazine_a1_0.52_b1_-0.23_a2_0.68_b2_-0.11_S.inp
2024-12-30 10:56:45,557 - INFO - Submitting job for Cyclazine in directory a1_0.52_b1_-0.23_a2_0.68_b2_-0.11_S
2024-12-30 10:56:45,575 - INFO - Job submitted for Cyclazine with ID: Submitted batch job 4326641
2024-12-30 10:56:45,575 - INFO - Processing molecule: Heptazine
2024-12-30 10:56:45,575 - ERROR - [ERROR] Singlet job for Heptazine is not completed yet.
2024-12-30 10:56:45,575 - ERROR - Directory /bighome/ali/Projects/Functional_Optimizer/Bayesian_Optimization_v2/a1_0.5214141426415462_b1_-0.2313676654788069_a2_0.6787488787965633_b2_-0.11448342493845229_S does not exist.
2024-12-30 10:56:45,575 - ERROR - [ERROR] Singlet job for Heptazine is not completed yet.
2024-12-30 10:56:45,575 - ERROR - Skipping molecule Heptazine after failed retries.
2024-12-30 10:56:45,575 - INFO - Processing molecule: Cyclazine
2024-12-30 10:56:45,575 - ERROR - [ERROR] Singlet job for Cyclazine is not completed yet.
2024-12-30 10:56:45,575 - ERROR - Directory /bighome/ali/Projects/Functional_Optimizer/Bayesian_Optimization_v2/a1_0.5214141426415462_b1_-0.2313676654788069_a2_0.6787488787965633_b2_-0.11448342493845229_S does not exist.
2024-12-30 10:56:45,575 - ERROR - [ERROR] Singlet job for Cyclazine is not completed yet.
2024-12-30 10:56:45,576 - ERROR - Skipping molecule Cyclazine after failed retries.
2024-12-30 10:56:45,577 - INFO - build_posterior_wrapper took 0.001371 seconds
2024-12-30 10:56:45,578 - INFO - TPE using 73/73 trials with best loss inf
2024-12-30 10:56:45,599 - INFO - Successfully generated input file for Heptazine at a1_0.52_b1_-0.20_a2_0.68_b2_-0.12_S/Heptazine_a1_0.52_b1_-0.20_a2_0.68_b2_-0.12_S.inp
2024-12-30 10:56:45,600 - INFO - Submitting job for Heptazine in directory a1_0.52_b1_-0.20_a2_0.68_b2_-0.12_S
2024-12-30 10:56:45,618 - INFO - Job submitted for Heptazine with ID: Submitted batch job 4326642
2024-12-30 10:56:45,630 - INFO - Successfully generated input file for Cyclazine at a1_0.52_b1_-0.20_a2_0.68_b2_-0.12_S/Cyclazine_a1_0.52_b1_-0.20_a2_0.68_b2_-0.12_S.inp
2024-12-30 10:56:45,631 - INFO - Submitting job for Cyclazine in directory a1_0.52_b1_-0.20_a2_0.68_b2_-0.12_S
2024-12-30 10:56:45,651 - INFO - Job submitted for Cyclazine with ID: Submitted batch job 4326643
2024-12-30 10:56:45,651 - INFO - Processing molecule: Heptazine
2024-12-30 10:56:45,651 - ERROR - [ERROR] Singlet job for Heptazine is not completed yet.
2024-12-30 10:56:45,651 - ERROR - Directory /bighome/ali/Projects/Functional_Optimizer/Bayesian_Optimization_v2/a1_0.5188497593969791_b1_-0.20412986119685336_a2_0.6804655595641868_b2_-0.11832694957066207_S does not exist.
2024-12-30 10:56:45,651 - ERROR - [ERROR] Singlet job for Heptazine is not completed yet.
2024-12-30 10:56:45,652 - ERROR - Skipping molecule Heptazine after failed retries.
2024-12-30 10:56:45,652 - INFO - Processing molecule: Cyclazine
2024-12-30 10:56:45,652 - ERROR - [ERROR] Singlet job for Cyclazine is not completed yet.
2024-12-30 10:56:45,652 - ERROR - Directory /bighome/ali/Projects/Functional_Optimizer/Bayesian_Optimization_v2/a1_0.5188497593969791_b1_-0.20412986119685336_a2_0.6804655595641868_b2_-0.11832694957066207_S does not exist.
2024-12-30 10:56:45,652 - ERROR - [ERROR] Singlet job for Cyclazine is not completed yet.
2024-12-30 10:56:45,652 - ERROR - Skipping molecule Cyclazine after failed retries.
2024-12-30 10:56:45,656 - INFO - build_posterior_wrapper took 0.001614 seconds
2024-12-30 10:56:45,656 - INFO - TPE using 74/74 trials with best loss inf
2024-12-30 10:56:45,678 - INFO - Successfully generated input file for Heptazine at a1_0.53_b1_-0.25_a2_0.71_b2_-0.10_S/Heptazine_a1_0.53_b1_-0.25_a2_0.71_b2_-0.10_S.inp
2024-12-30 10:56:45,679 - INFO - Submitting job for Heptazine in directory a1_0.53_b1_-0.25_a2_0.71_b2_-0.10_S
2024-12-30 10:56:45,698 - INFO - Job submitted for Heptazine with ID: Submitted batch job 4326644
2024-12-30 10:56:45,710 - INFO - Successfully generated input file for Cyclazine at a1_0.53_b1_-0.25_a2_0.71_b2_-0.10_S/Cyclazine_a1_0.53_b1_-0.25_a2_0.71_b2_-0.10_S.inp
2024-12-30 10:56:45,711 - INFO - Submitting job for Cyclazine in directory a1_0.53_b1_-0.25_a2_0.71_b2_-0.10_S
2024-12-30 10:56:45,729 - INFO - Job submitted for Cyclazine with ID: Submitted batch job 4326645
2024-12-30 10:56:45,729 - INFO - Processing molecule: Heptazine
2024-12-30 10:56:45,730 - ERROR - [ERROR] Singlet job for Heptazine is not completed yet.
2024-12-30 10:56:45,730 - ERROR - Directory /bighome/ali/Projects/Functional_Optimizer/Bayesian_Optimization_v2/a1_0.5336485108993224_b1_-0.25223674690718056_a2_0.7051223216559304_b2_-0.10395768165083064_S does not exist.
2024-12-30 10:56:45,730 - ERROR - [ERROR] Singlet job for Heptazine is not completed yet.
2024-12-30 10:56:45,730 - ERROR - Skipping molecule Heptazine after failed retries.
2024-12-30 10:56:45,730 - INFO - Processing molecule: Cyclazine
2024-12-30 10:56:45,730 - ERROR - [ERROR] Singlet job for Cyclazine is not completed yet.
2024-12-30 10:56:45,730 - ERROR - Directory /bighome/ali/Projects/Functional_Optimizer/Bayesian_Optimization_v2/a1_0.5336485108993224_b1_-0.25223674690718056_a2_0.7051223216559304_b2_-0.10395768165083064_S does not exist.
2024-12-30 10:56:45,730 - ERROR - [ERROR] Singlet job for Cyclazine is not completed yet.
2024-12-30 10:56:45,730 - ERROR - Skipping molecule Cyclazine after failed retries.
2024-12-30 10:56:45,732 - INFO - build_posterior_wrapper took 0.001323 seconds
2024-12-30 10:56:45,732 - INFO - TPE using 75/75 trials with best loss inf
2024-12-30 10:56:45,753 - INFO - Successfully generated input file for Heptazine at a1_0.48_b1_-0.24_a2_0.65_b2_-0.09_S/Heptazine_a1_0.48_b1_-0.24_a2_0.65_b2_-0.09_S.inp
2024-12-30 10:56:45,753 - INFO - Submitting job for Heptazine in directory a1_0.48_b1_-0.24_a2_0.65_b2_-0.09_S
2024-12-30 10:56:45,771 - INFO - Job submitted for Heptazine with ID: Submitted batch job 4326646
2024-12-30 10:56:45,783 - INFO - Successfully generated input file for Cyclazine at a1_0.48_b1_-0.24_a2_0.65_b2_-0.09_S/Cyclazine_a1_0.48_b1_-0.24_a2_0.65_b2_-0.09_S.inp
2024-12-30 10:56:45,784 - INFO - Submitting job for Cyclazine in directory a1_0.48_b1_-0.24_a2_0.65_b2_-0.09_S
2024-12-30 10:56:45,802 - INFO - Job submitted for Cyclazine with ID: Submitted batch job 4326647
2024-12-30 10:56:45,802 - INFO - Processing molecule: Heptazine
2024-12-30 10:56:45,802 - ERROR - [ERROR] Singlet job for Heptazine is not completed yet.
2024-12-30 10:56:45,802 - ERROR - Directory /bighome/ali/Projects/Functional_Optimizer/Bayesian_Optimization_v2/a1_0.4784414487052522_b1_-0.24155478815465786_a2_0.6492895841310165_b2_-0.09331622059754241_S does not exist.
2024-12-30 10:56:45,802 - ERROR - [ERROR] Singlet job for Heptazine is not completed yet.
2024-12-30 10:56:45,802 - ERROR - Skipping molecule Heptazine after failed retries.
2024-12-30 10:56:45,802 - INFO - Processing molecule: Cyclazine
2024-12-30 10:56:45,802 - ERROR - [ERROR] Singlet job for Cyclazine is not completed yet.
2024-12-30 10:56:45,803 - ERROR - Directory /bighome/ali/Projects/Functional_Optimizer/Bayesian_Optimization_v2/a1_0.4784414487052522_b1_-0.24155478815465786_a2_0.6492895841310165_b2_-0.09331622059754241_S does not exist.
2024-12-30 10:56:45,803 - ERROR - [ERROR] Singlet job for Cyclazine is not completed yet.
2024-12-30 10:56:45,803 - ERROR - Skipping molecule Cyclazine after failed retries.
2024-12-30 10:56:45,805 - INFO - build_posterior_wrapper took 0.001409 seconds
2024-12-30 10:56:45,805 - INFO - TPE using 76/76 trials with best loss inf
2024-12-30 10:56:45,827 - INFO - Successfully generated input file for Heptazine at a1_0.46_b1_-0.27_a2_0.63_b2_-0.10_S/Heptazine_a1_0.46_b1_-0.27_a2_0.63_b2_-0.10_S.inp
2024-12-30 10:56:45,827 - INFO - Submitting job for Heptazine in directory a1_0.46_b1_-0.27_a2_0.63_b2_-0.10_S
2024-12-30 10:56:45,845 - INFO - Job submitted for Heptazine with ID: Submitted batch job 4326648
2024-12-30 10:56:45,857 - INFO - Successfully generated input file for Cyclazine at a1_0.46_b1_-0.27_a2_0.63_b2_-0.10_S/Cyclazine_a1_0.46_b1_-0.27_a2_0.63_b2_-0.10_S.inp
2024-12-30 10:56:45,858 - INFO - Submitting job for Cyclazine in directory a1_0.46_b1_-0.27_a2_0.63_b2_-0.10_S
2024-12-30 10:56:45,876 - INFO - Job submitted for Cyclazine with ID: Submitted batch job 4326649
2024-12-30 10:56:45,876 - INFO - Processing molecule: Heptazine
2024-12-30 10:56:45,877 - ERROR - [ERROR] Singlet job for Heptazine is not completed yet.
2024-12-30 10:56:45,877 - ERROR - Directory /bighome/ali/Projects/Functional_Optimizer/Bayesian_Optimization_v2/a1_0.4642905300915371_b1_-0.26978509029147346_a2_0.628442722848469_b2_-0.09633345118478537_S does not exist.
2024-12-30 10:56:45,877 - ERROR - [ERROR] Singlet job for Heptazine is not completed yet.
2024-12-30 10:56:45,877 - ERROR - Skipping molecule Heptazine after failed retries.
2024-12-30 10:56:45,877 - INFO - Processing molecule: Cyclazine
2024-12-30 10:56:45,877 - ERROR - [ERROR] Singlet job for Cyclazine is not completed yet.
2024-12-30 10:56:45,877 - ERROR - Directory /bighome/ali/Projects/Functional_Optimizer/Bayesian_Optimization_v2/a1_0.4642905300915371_b1_-0.26978509029147346_a2_0.628442722848469_b2_-0.09633345118478537_S does not exist.
2024-12-30 10:56:45,877 - ERROR - [ERROR] Singlet job for Cyclazine is not completed yet.
2024-12-30 10:56:45,877 - ERROR - Skipping molecule Cyclazine after failed retries.
2024-12-30 10:56:45,879 - INFO - build_posterior_wrapper took 0.001342 seconds
2024-12-30 10:56:45,879 - INFO - TPE using 77/77 trials with best loss inf
2024-12-30 10:56:45,901 - INFO - Successfully generated input file for Heptazine at a1_0.50_b1_-0.27_a2_0.65_b2_-0.10_S/Heptazine_a1_0.50_b1_-0.27_a2_0.65_b2_-0.10_S.inp
2024-12-30 10:56:45,902 - INFO - Submitting job for Heptazine in directory a1_0.50_b1_-0.27_a2_0.65_b2_-0.10_S
2024-12-30 10:56:45,920 - INFO - Job submitted for Heptazine with ID: Submitted batch job 4326650
2024-12-30 10:56:45,932 - INFO - Successfully generated input file for Cyclazine at a1_0.50_b1_-0.27_a2_0.65_b2_-0.10_S/Cyclazine_a1_0.50_b1_-0.27_a2_0.65_b2_-0.10_S.inp
2024-12-30 10:56:45,933 - INFO - Submitting job for Cyclazine in directory a1_0.50_b1_-0.27_a2_0.65_b2_-0.10_S
2024-12-30 10:56:45,951 - INFO - Job submitted for Cyclazine with ID: Submitted batch job 4326651
2024-12-30 10:56:45,951 - INFO - Processing molecule: Heptazine
2024-12-30 10:56:45,951 - ERROR - [ERROR] Singlet job for Heptazine is not completed yet.
2024-12-30 10:56:45,951 - ERROR - Directory /bighome/ali/Projects/Functional_Optimizer/Bayesian_Optimization_v2/a1_0.4963297001761402_b1_-0.2651356323732236_a2_0.6519589287063486_b2_-0.0993968920028658_S does not exist.
2024-12-30 10:56:45,951 - ERROR - [ERROR] Singlet job for Heptazine is not completed yet.
2024-12-30 10:56:45,951 - ERROR - Skipping molecule Heptazine after failed retries.
2024-12-30 10:56:45,951 - INFO - Processing molecule: Cyclazine
2024-12-30 10:56:45,951 - ERROR - [ERROR] Singlet job for Cyclazine is not completed yet.
2024-12-30 10:56:45,951 - ERROR - Directory /bighome/ali/Projects/Functional_Optimizer/Bayesian_Optimization_v2/a1_0.4963297001761402_b1_-0.2651356323732236_a2_0.6519589287063486_b2_-0.0993968920028658_S does not exist.
2024-12-30 10:56:45,952 - ERROR - [ERROR] Singlet job for Cyclazine is not completed yet.
2024-12-30 10:56:45,952 - ERROR - Skipping molecule Cyclazine after failed retries.
2024-12-30 10:56:45,954 - INFO - build_posterior_wrapper took 0.001390 seconds
2024-12-30 10:56:45,954 - INFO - TPE using 78/78 trials with best loss inf
2024-12-30 10:56:45,975 - INFO - Successfully generated input file for Heptazine at a1_0.47_b1_-0.19_a2_0.71_b2_-0.11_S/Heptazine_a1_0.47_b1_-0.19_a2_0.71_b2_-0.11_S.inp
2024-12-30 10:56:45,976 - INFO - Submitting job for Heptazine in directory a1_0.47_b1_-0.19_a2_0.71_b2_-0.11_S
2024-12-30 10:56:45,994 - INFO - Job submitted for Heptazine with ID: Submitted batch job 4326652
2024-12-30 10:56:46,006 - INFO - Successfully generated input file for Cyclazine at a1_0.47_b1_-0.19_a2_0.71_b2_-0.11_S/Cyclazine_a1_0.47_b1_-0.19_a2_0.71_b2_-0.11_S.inp
2024-12-30 10:56:46,007 - INFO - Submitting job for Cyclazine in directory a1_0.47_b1_-0.19_a2_0.71_b2_-0.11_S
2024-12-30 10:56:46,025 - INFO - Job submitted for Cyclazine with ID: Submitted batch job 4326653
2024-12-30 10:56:46,025 - INFO - Processing molecule: Heptazine
2024-12-30 10:56:46,026 - ERROR - [ERROR] Singlet job for Heptazine is not completed yet.
2024-12-30 10:56:46,026 - ERROR - Directory /bighome/ali/Projects/Functional_Optimizer/Bayesian_Optimization_v2/a1_0.46793898520939614_b1_-0.18714506300417685_a2_0.7125390992294293_b2_-0.1097366361691598_S does not exist.
2024-12-30 10:56:46,026 - ERROR - [ERROR] Singlet job for Heptazine is not completed yet.
2024-12-30 10:56:46,026 - ERROR - Skipping molecule Heptazine after failed retries.
2024-12-30 10:56:46,026 - INFO - Processing molecule: Cyclazine
2024-12-30 10:56:46,026 - ERROR - [ERROR] Singlet job for Cyclazine is not completed yet.
2024-12-30 10:56:46,026 - ERROR - Directory /bighome/ali/Projects/Functional_Optimizer/Bayesian_Optimization_v2/a1_0.46793898520939614_b1_-0.18714506300417685_a2_0.7125390992294293_b2_-0.1097366361691598_S does not exist.
2024-12-30 10:56:46,026 - ERROR - [ERROR] Singlet job for Cyclazine is not completed yet.
2024-12-30 10:56:46,026 - ERROR - Skipping molecule Cyclazine after failed retries.
2024-12-30 10:56:46,028 - INFO - build_posterior_wrapper took 0.001352 seconds
2024-12-30 10:56:46,028 - INFO - TPE using 79/79 trials with best loss inf
2024-12-30 10:56:46,049 - INFO - Successfully generated input file for Heptazine at a1_0.51_b1_-0.19_a2_0.72_b2_-0.11_S/Heptazine_a1_0.51_b1_-0.19_a2_0.72_b2_-0.11_S.inp
2024-12-30 10:56:46,050 - INFO - Submitting job for Heptazine in directory a1_0.51_b1_-0.19_a2_0.72_b2_-0.11_S
2024-12-30 10:56:46,068 - INFO - Job submitted for Heptazine with ID: Submitted batch job 4326654
2024-12-30 10:56:46,079 - INFO - Successfully generated input file for Cyclazine at a1_0.51_b1_-0.19_a2_0.72_b2_-0.11_S/Cyclazine_a1_0.51_b1_-0.19_a2_0.72_b2_-0.11_S.inp
2024-12-30 10:56:46,080 - INFO - Submitting job for Cyclazine in directory a1_0.51_b1_-0.19_a2_0.72_b2_-0.11_S
2024-12-30 10:56:46,098 - INFO - Job submitted for Cyclazine with ID: Submitted batch job 4326655
2024-12-30 10:56:46,098 - INFO - Processing molecule: Heptazine
2024-12-30 10:56:46,099 - ERROR - [ERROR] Singlet job for Heptazine is not completed yet.
2024-12-30 10:56:46,099 - ERROR - Directory /bighome/ali/Projects/Functional_Optimizer/Bayesian_Optimization_v2/a1_0.5146760335394124_b1_-0.19366602190419896_a2_0.7173603789298516_b2_-0.11326526721356445_S does not exist.
2024-12-30 10:56:46,099 - ERROR - [ERROR] Singlet job for Heptazine is not completed yet.
2024-12-30 10:56:46,099 - ERROR - Skipping molecule Heptazine after failed retries.
2024-12-30 10:56:46,099 - INFO - Processing molecule: Cyclazine
2024-12-30 10:56:46,099 - ERROR - [ERROR] Singlet job for Cyclazine is not completed yet.
2024-12-30 10:56:46,099 - ERROR - Directory /bighome/ali/Projects/Functional_Optimizer/Bayesian_Optimization_v2/a1_0.5146760335394124_b1_-0.19366602190419896_a2_0.7173603789298516_b2_-0.11326526721356445_S does not exist.
2024-12-30 10:56:46,099 - ERROR - [ERROR] Singlet job for Cyclazine is not completed yet.
2024-12-30 10:56:46,099 - ERROR - Skipping molecule Cyclazine after failed retries.
2024-12-30 10:56:46,101 - INFO - build_posterior_wrapper took 0.001419 seconds
2024-12-30 10:56:46,102 - INFO - TPE using 80/80 trials with best loss inf
2024-12-30 10:56:46,123 - INFO - Successfully generated input file for Heptazine at a1_0.51_b1_-0.23_a2_0.69_b2_-0.10_S/Heptazine_a1_0.51_b1_-0.23_a2_0.69_b2_-0.10_S.inp
2024-12-30 10:56:46,124 - INFO - Submitting job for Heptazine in directory a1_0.51_b1_-0.23_a2_0.69_b2_-0.10_S
2024-12-30 10:56:46,142 - INFO - Job submitted for Heptazine with ID: Submitted batch job 4326656
2024-12-30 10:56:46,154 - INFO - Successfully generated input file for Cyclazine at a1_0.51_b1_-0.23_a2_0.69_b2_-0.10_S/Cyclazine_a1_0.51_b1_-0.23_a2_0.69_b2_-0.10_S.inp
2024-12-30 10:56:46,155 - INFO - Submitting job for Cyclazine in directory a1_0.51_b1_-0.23_a2_0.69_b2_-0.10_S
2024-12-30 10:56:46,173 - INFO - Job submitted for Cyclazine with ID: Submitted batch job 4326657
2024-12-30 10:56:46,173 - INFO - Processing molecule: Heptazine
2024-12-30 10:56:46,174 - ERROR - [ERROR] Singlet job for Heptazine is not completed yet.
2024-12-30 10:56:46,174 - ERROR - Directory /bighome/ali/Projects/Functional_Optimizer/Bayesian_Optimization_v2/a1_0.5123256025023402_b1_-0.22670614610929024_a2_0.6905621892447157_b2_-0.0963941535394444_S does not exist.
2024-12-30 10:56:46,174 - ERROR - [ERROR] Singlet job for Heptazine is not completed yet.
2024-12-30 10:56:46,174 - ERROR - Skipping molecule Heptazine after failed retries.
2024-12-30 10:56:46,174 - INFO - Processing molecule: Cyclazine
2024-12-30 10:56:46,174 - ERROR - [ERROR] Singlet job for Cyclazine is not completed yet.
2024-12-30 10:56:46,174 - ERROR - Directory /bighome/ali/Projects/Functional_Optimizer/Bayesian_Optimization_v2/a1_0.5123256025023402_b1_-0.22670614610929024_a2_0.6905621892447157_b2_-0.0963941535394444_S does not exist.
2024-12-30 10:56:46,174 - ERROR - [ERROR] Singlet job for Cyclazine is not completed yet.
2024-12-30 10:56:46,174 - ERROR - Skipping molecule Cyclazine after failed retries.
2024-12-30 10:56:46,176 - INFO - build_posterior_wrapper took 0.001318 seconds
2024-12-30 10:56:46,176 - INFO - TPE using 81/81 trials with best loss inf
2024-12-30 10:56:46,198 - INFO - Successfully generated input file for Heptazine at a1_0.49_b1_-0.21_a2_0.68_b2_-0.12_S/Heptazine_a1_0.49_b1_-0.21_a2_0.68_b2_-0.12_S.inp
2024-12-30 10:56:46,199 - INFO - Submitting job for Heptazine in directory a1_0.49_b1_-0.21_a2_0.68_b2_-0.12_S
2024-12-30 10:56:46,217 - INFO - Job submitted for Heptazine with ID: Submitted batch job 4326658
2024-12-30 10:56:46,229 - INFO - Successfully generated input file for Cyclazine at a1_0.49_b1_-0.21_a2_0.68_b2_-0.12_S/Cyclazine_a1_0.49_b1_-0.21_a2_0.68_b2_-0.12_S.inp
2024-12-30 10:56:46,230 - INFO - Submitting job for Cyclazine in directory a1_0.49_b1_-0.21_a2_0.68_b2_-0.12_S
2024-12-30 10:56:46,248 - INFO - Job submitted for Cyclazine with ID: Submitted batch job 4326659
2024-12-30 10:56:46,249 - INFO - Processing molecule: Heptazine
2024-12-30 10:56:46,249 - ERROR - [ERROR] Singlet job for Heptazine is not completed yet.
2024-12-30 10:56:46,249 - ERROR - Directory /bighome/ali/Projects/Functional_Optimizer/Bayesian_Optimization_v2/a1_0.4867770126300922_b1_-0.21144805820081278_a2_0.6841720126445476_b2_-0.11990395169850328_S does not exist.
2024-12-30 10:56:46,249 - ERROR - [ERROR] Singlet job for Heptazine is not completed yet.
2024-12-30 10:56:46,249 - ERROR - Skipping molecule Heptazine after failed retries.
2024-12-30 10:56:46,249 - INFO - Processing molecule: Cyclazine
2024-12-30 10:56:46,249 - ERROR - [ERROR] Singlet job for Cyclazine is not completed yet.
2024-12-30 10:56:46,249 - ERROR - Directory /bighome/ali/Projects/Functional_Optimizer/Bayesian_Optimization_v2/a1_0.4867770126300922_b1_-0.21144805820081278_a2_0.6841720126445476_b2_-0.11990395169850328_S does not exist.
2024-12-30 10:56:46,249 - ERROR - [ERROR] Singlet job for Cyclazine is not completed yet.
2024-12-30 10:56:46,249 - ERROR - Skipping molecule Cyclazine after failed retries.
2024-12-30 10:56:46,252 - INFO - build_posterior_wrapper took 0.001431 seconds
2024-12-30 10:56:46,252 - INFO - TPE using 82/82 trials with best loss inf
2024-12-30 10:56:46,274 - INFO - Successfully generated input file for Heptazine at a1_0.49_b1_-0.21_a2_0.67_b2_-0.09_S/Heptazine_a1_0.49_b1_-0.21_a2_0.67_b2_-0.09_S.inp
2024-12-30 10:56:46,275 - INFO - Submitting job for Heptazine in directory a1_0.49_b1_-0.21_a2_0.67_b2_-0.09_S
2024-12-30 10:56:46,293 - INFO - Job submitted for Heptazine with ID: Submitted batch job 4326660
2024-12-30 10:56:46,305 - INFO - Successfully generated input file for Cyclazine at a1_0.49_b1_-0.21_a2_0.67_b2_-0.09_S/Cyclazine_a1_0.49_b1_-0.21_a2_0.67_b2_-0.09_S.inp
2024-12-30 10:56:46,306 - INFO - Submitting job for Cyclazine in directory a1_0.49_b1_-0.21_a2_0.67_b2_-0.09_S
2024-12-30 10:56:46,324 - INFO - Job submitted for Cyclazine with ID: Submitted batch job 4326661
2024-12-30 10:56:46,324 - INFO - Processing molecule: Heptazine
2024-12-30 10:56:46,324 - ERROR - [ERROR] Singlet job for Heptazine is not completed yet.
2024-12-30 10:56:46,324 - ERROR - Directory /bighome/ali/Projects/Functional_Optimizer/Bayesian_Optimization_v2/a1_0.4869845133441035_b1_-0.20704756429205887_a2_0.6701746382958715_b2_-0.08957358153655909_S does not exist.
2024-12-30 10:56:46,324 - ERROR - [ERROR] Singlet job for Heptazine is not completed yet.
2024-12-30 10:56:46,324 - ERROR - Skipping molecule Heptazine after failed retries.
2024-12-30 10:56:46,324 - INFO - Processing molecule: Cyclazine
2024-12-30 10:56:46,325 - ERROR - [ERROR] Singlet job for Cyclazine is not completed yet.
2024-12-30 10:56:46,325 - ERROR - Directory /bighome/ali/Projects/Functional_Optimizer/Bayesian_Optimization_v2/a1_0.4869845133441035_b1_-0.20704756429205887_a2_0.6701746382958715_b2_-0.08957358153655909_S does not exist.
2024-12-30 10:56:46,325 - ERROR - [ERROR] Singlet job for Cyclazine is not completed yet.
2024-12-30 10:56:46,325 - ERROR - Skipping molecule Cyclazine after failed retries.
2024-12-30 10:56:46,326 - INFO - build_posterior_wrapper took 0.001391 seconds
2024-12-30 10:56:46,327 - INFO - TPE using 83/83 trials with best loss inf
2024-12-30 10:56:46,348 - INFO - Successfully generated input file for Heptazine at a1_0.48_b1_-0.26_a2_0.64_b2_-0.09_S/Heptazine_a1_0.48_b1_-0.26_a2_0.64_b2_-0.09_S.inp
2024-12-30 10:56:46,349 - INFO - Submitting job for Heptazine in directory a1_0.48_b1_-0.26_a2_0.64_b2_-0.09_S
2024-12-30 10:56:46,367 - INFO - Job submitted for Heptazine with ID: Submitted batch job 4326662
2024-12-30 10:56:46,379 - INFO - Successfully generated input file for Cyclazine at a1_0.48_b1_-0.26_a2_0.64_b2_-0.09_S/Cyclazine_a1_0.48_b1_-0.26_a2_0.64_b2_-0.09_S.inp
2024-12-30 10:56:46,380 - INFO - Submitting job for Cyclazine in directory a1_0.48_b1_-0.26_a2_0.64_b2_-0.09_S
2024-12-30 10:56:46,398 - INFO - Job submitted for Cyclazine with ID: Submitted batch job 4326663
2024-12-30 10:56:46,398 - INFO - Processing molecule: Heptazine
2024-12-30 10:56:46,399 - ERROR - [ERROR] Singlet job for Heptazine is not completed yet.
2024-12-30 10:56:46,399 - ERROR - Directory /bighome/ali/Projects/Functional_Optimizer/Bayesian_Optimization_v2/a1_0.47527656616636443_b1_-0.25771572840062246_a2_0.6419751378760268_b2_-0.08889411468226219_S does not exist.
2024-12-30 10:56:46,399 - ERROR - [ERROR] Singlet job for Heptazine is not completed yet.
2024-12-30 10:56:46,399 - ERROR - Skipping molecule Heptazine after failed retries.
2024-12-30 10:56:46,399 - INFO - Processing molecule: Cyclazine
2024-12-30 10:56:46,399 - ERROR - [ERROR] Singlet job for Cyclazine is not completed yet.
2024-12-30 10:56:46,399 - ERROR - Directory /bighome/ali/Projects/Functional_Optimizer/Bayesian_Optimization_v2/a1_0.47527656616636443_b1_-0.25771572840062246_a2_0.6419751378760268_b2_-0.08889411468226219_S does not exist.
2024-12-30 10:56:46,399 - ERROR - [ERROR] Singlet job for Cyclazine is not completed yet.
2024-12-30 10:56:46,399 - ERROR - Skipping molecule Cyclazine after failed retries.
2024-12-30 10:56:46,401 - INFO - build_posterior_wrapper took 0.001390 seconds
2024-12-30 10:56:46,401 - INFO - TPE using 84/84 trials with best loss inf
2024-12-30 10:56:46,424 - INFO - Successfully generated input file for Heptazine at a1_0.47_b1_-0.28_a2_0.61_b2_-0.11_S/Heptazine_a1_0.47_b1_-0.28_a2_0.61_b2_-0.11_S.inp
2024-12-30 10:56:46,425 - INFO - Submitting job for Heptazine in directory a1_0.47_b1_-0.28_a2_0.61_b2_-0.11_S
2024-12-30 10:56:46,443 - INFO - Job submitted for Heptazine with ID: Submitted batch job 4326664
2024-12-30 10:56:46,455 - INFO - Successfully generated input file for Cyclazine at a1_0.47_b1_-0.28_a2_0.61_b2_-0.11_S/Cyclazine_a1_0.47_b1_-0.28_a2_0.61_b2_-0.11_S.inp
2024-12-30 10:56:46,456 - INFO - Submitting job for Cyclazine in directory a1_0.47_b1_-0.28_a2_0.61_b2_-0.11_S
2024-12-30 10:56:46,475 - INFO - Job submitted for Cyclazine with ID: Submitted batch job 4326665
2024-12-30 10:56:46,476 - INFO - Processing molecule: Heptazine
2024-12-30 10:56:46,476 - ERROR - [ERROR] Singlet job for Heptazine is not completed yet.
2024-12-30 10:56:46,476 - ERROR - Directory /bighome/ali/Projects/Functional_Optimizer/Bayesian_Optimization_v2/a1_0.470679182244058_b1_-0.2771526600951252_a2_0.6107405512608904_b2_-0.10777852826842599_S does not exist.
2024-12-30 10:56:46,476 - ERROR - [ERROR] Singlet job for Heptazine is not completed yet.
2024-12-30 10:56:46,476 - ERROR - Skipping molecule Heptazine after failed retries.
2024-12-30 10:56:46,476 - INFO - Processing molecule: Cyclazine
2024-12-30 10:56:46,476 - ERROR - [ERROR] Singlet job for Cyclazine is not completed yet.
2024-12-30 10:56:46,476 - ERROR - Directory /bighome/ali/Projects/Functional_Optimizer/Bayesian_Optimization_v2/a1_0.470679182244058_b1_-0.2771526600951252_a2_0.6107405512608904_b2_-0.10777852826842599_S does not exist.
2024-12-30 10:56:46,476 - ERROR - [ERROR] Singlet job for Cyclazine is not completed yet.
2024-12-30 10:56:46,476 - ERROR - Skipping molecule Cyclazine after failed retries.
2024-12-30 10:56:46,478 - INFO - build_posterior_wrapper took 0.001336 seconds
2024-12-30 10:56:46,479 - INFO - TPE using 85/85 trials with best loss inf
2024-12-30 10:56:46,500 - INFO - Successfully generated input file for Heptazine at a1_0.47_b1_-0.27_a2_0.63_b2_-0.10_S/Heptazine_a1_0.47_b1_-0.27_a2_0.63_b2_-0.10_S.inp
2024-12-30 10:56:46,501 - INFO - Submitting job for Heptazine in directory a1_0.47_b1_-0.27_a2_0.63_b2_-0.10_S
2024-12-30 10:56:46,519 - INFO - Job submitted for Heptazine with ID: Submitted batch job 4326666
2024-12-30 10:56:46,531 - INFO - Successfully generated input file for Cyclazine at a1_0.47_b1_-0.27_a2_0.63_b2_-0.10_S/Cyclazine_a1_0.47_b1_-0.27_a2_0.63_b2_-0.10_S.inp
2024-12-30 10:56:46,532 - INFO - Submitting job for Cyclazine in directory a1_0.47_b1_-0.27_a2_0.63_b2_-0.10_S
2024-12-30 10:56:46,550 - INFO - Job submitted for Cyclazine with ID: Submitted batch job 4326667
2024-12-30 10:56:46,550 - INFO - Processing molecule: Heptazine
2024-12-30 10:56:46,550 - ERROR - [ERROR] Singlet job for Heptazine is not completed yet.
2024-12-30 10:56:46,550 - ERROR - Directory /bighome/ali/Projects/Functional_Optimizer/Bayesian_Optimization_v2/a1_0.47206543524096917_b1_-0.27378221101170386_a2_0.6279167013465796_b2_-0.10236898487091892_S does not exist.
2024-12-30 10:56:46,550 - ERROR - [ERROR] Singlet job for Heptazine is not completed yet.
2024-12-30 10:56:46,550 - ERROR - Skipping molecule Heptazine after failed retries.
2024-12-30 10:56:46,551 - INFO - Processing molecule: Cyclazine
2024-12-30 10:56:46,551 - ERROR - [ERROR] Singlet job for Cyclazine is not completed yet.
2024-12-30 10:56:46,551 - ERROR - Directory /bighome/ali/Projects/Functional_Optimizer/Bayesian_Optimization_v2/a1_0.47206543524096917_b1_-0.27378221101170386_a2_0.6279167013465796_b2_-0.10236898487091892_S does not exist.
2024-12-30 10:56:46,551 - ERROR - [ERROR] Singlet job for Cyclazine is not completed yet.
2024-12-30 10:56:46,551 - ERROR - Skipping molecule Cyclazine after failed retries.
2024-12-30 10:56:46,553 - INFO - build_posterior_wrapper took 0.001395 seconds
2024-12-30 10:56:46,553 - INFO - TPE using 86/86 trials with best loss inf
2024-12-30 10:56:46,575 - INFO - Successfully generated input file for Heptazine at a1_0.46_b1_-0.20_a2_0.72_b2_-0.11_S/Heptazine_a1_0.46_b1_-0.20_a2_0.72_b2_-0.11_S.inp
2024-12-30 10:56:46,576 - INFO - Submitting job for Heptazine in directory a1_0.46_b1_-0.20_a2_0.72_b2_-0.11_S
2024-12-30 10:56:46,594 - INFO - Job submitted for Heptazine with ID: Submitted batch job 4326668
2024-12-30 10:56:46,606 - INFO - Successfully generated input file for Cyclazine at a1_0.46_b1_-0.20_a2_0.72_b2_-0.11_S/Cyclazine_a1_0.46_b1_-0.20_a2_0.72_b2_-0.11_S.inp
2024-12-30 10:56:46,607 - INFO - Submitting job for Cyclazine in directory a1_0.46_b1_-0.20_a2_0.72_b2_-0.11_S
2024-12-30 10:56:46,625 - INFO - Job submitted for Cyclazine with ID: Submitted batch job 4326669
2024-12-30 10:56:46,625 - INFO - Processing molecule: Heptazine
2024-12-30 10:56:46,625 - ERROR - [ERROR] Singlet job for Heptazine is not completed yet.
2024-12-30 10:56:46,626 - ERROR - Directory /bighome/ali/Projects/Functional_Optimizer/Bayesian_Optimization_v2/a1_0.4599009754841366_b1_-0.19786286292154362_a2_0.7235462959913055_b2_-0.10785506973559304_S does not exist.
2024-12-30 10:56:46,626 - ERROR - [ERROR] Singlet job for Heptazine is not completed yet.
2024-12-30 10:56:46,626 - ERROR - Skipping molecule Heptazine after failed retries.
2024-12-30 10:56:46,626 - INFO - Processing molecule: Cyclazine
2024-12-30 10:56:46,626 - ERROR - [ERROR] Singlet job for Cyclazine is not completed yet.
2024-12-30 10:56:46,626 - ERROR - Directory /bighome/ali/Projects/Functional_Optimizer/Bayesian_Optimization_v2/a1_0.4599009754841366_b1_-0.19786286292154362_a2_0.7235462959913055_b2_-0.10785506973559304_S does not exist.
2024-12-30 10:56:46,626 - ERROR - [ERROR] Singlet job for Cyclazine is not completed yet.
2024-12-30 10:56:46,626 - ERROR - Skipping molecule Cyclazine after failed retries.
2024-12-30 10:56:46,628 - INFO - build_posterior_wrapper took 0.001382 seconds
2024-12-30 10:56:46,628 - INFO - TPE using 87/87 trials with best loss inf
2024-12-30 10:56:46,649 - INFO - Successfully generated input file for Heptazine at a1_0.48_b1_-0.18_a2_0.73_b2_-0.11_S/Heptazine_a1_0.48_b1_-0.18_a2_0.73_b2_-0.11_S.inp
2024-12-30 10:56:46,650 - INFO - Submitting job for Heptazine in directory a1_0.48_b1_-0.18_a2_0.73_b2_-0.11_S
2024-12-30 10:56:46,668 - INFO - Job submitted for Heptazine with ID: Submitted batch job 4326670
2024-12-30 10:56:46,680 - INFO - Successfully generated input file for Cyclazine at a1_0.48_b1_-0.18_a2_0.73_b2_-0.11_S/Cyclazine_a1_0.48_b1_-0.18_a2_0.73_b2_-0.11_S.inp
2024-12-30 10:56:46,681 - INFO - Submitting job for Cyclazine in directory a1_0.48_b1_-0.18_a2_0.73_b2_-0.11_S
2024-12-30 10:56:46,699 - INFO - Job submitted for Cyclazine with ID: Submitted batch job 4326671
2024-12-30 10:56:46,699 - INFO - Processing molecule: Heptazine
2024-12-30 10:56:46,699 - ERROR - [ERROR] Singlet job for Heptazine is not completed yet.
2024-12-30 10:56:46,699 - ERROR - Directory /bighome/ali/Projects/Functional_Optimizer/Bayesian_Optimization_v2/a1_0.483807635564589_b1_-0.1809535766833815_a2_0.728430949233749_b2_-0.11211829923397522_S does not exist.
2024-12-30 10:56:46,699 - ERROR - [ERROR] Singlet job for Heptazine is not completed yet.
2024-12-30 10:56:46,699 - ERROR - Skipping molecule Heptazine after failed retries.
2024-12-30 10:56:46,699 - INFO - Processing molecule: Cyclazine
2024-12-30 10:56:46,699 - ERROR - [ERROR] Singlet job for Cyclazine is not completed yet.
2024-12-30 10:56:46,699 - ERROR - Directory /bighome/ali/Projects/Functional_Optimizer/Bayesian_Optimization_v2/a1_0.483807635564589_b1_-0.1809535766833815_a2_0.728430949233749_b2_-0.11211829923397522_S does not exist.
2024-12-30 10:56:46,699 - ERROR - [ERROR] Singlet job for Cyclazine is not completed yet.
2024-12-30 10:56:46,700 - ERROR - Skipping molecule Cyclazine after failed retries.
2024-12-30 10:56:46,702 - INFO - build_posterior_wrapper took 0.001418 seconds
2024-12-30 10:56:46,702 - INFO - TPE using 88/88 trials with best loss inf
2024-12-30 10:56:46,724 - INFO - Successfully generated input file for Heptazine at a1_0.49_b1_-0.21_a2_0.70_b2_-0.12_S/Heptazine_a1_0.49_b1_-0.21_a2_0.70_b2_-0.12_S.inp
2024-12-30 10:56:46,725 - INFO - Submitting job for Heptazine in directory a1_0.49_b1_-0.21_a2_0.70_b2_-0.12_S
2024-12-30 10:56:46,743 - INFO - Job submitted for Heptazine with ID: Submitted batch job 4326672
2024-12-30 10:56:46,755 - INFO - Successfully generated input file for Cyclazine at a1_0.49_b1_-0.21_a2_0.70_b2_-0.12_S/Cyclazine_a1_0.49_b1_-0.21_a2_0.70_b2_-0.12_S.inp
2024-12-30 10:56:46,756 - INFO - Submitting job for Cyclazine in directory a1_0.49_b1_-0.21_a2_0.70_b2_-0.12_S
2024-12-30 10:56:46,774 - INFO - Job submitted for Cyclazine with ID: Submitted batch job 4326673
2024-12-30 10:56:46,774 - INFO - Processing molecule: Heptazine
2024-12-30 10:56:46,775 - ERROR - [ERROR] Singlet job for Heptazine is not completed yet.
2024-12-30 10:56:46,775 - ERROR - Directory /bighome/ali/Projects/Functional_Optimizer/Bayesian_Optimization_v2/a1_0.4927104747514796_b1_-0.21311889092288835_a2_0.6984895957466632_b2_-0.11622422996170573_S does not exist.
2024-12-30 10:56:46,775 - ERROR - [ERROR] Singlet job for Heptazine is not completed yet.
2024-12-30 10:56:46,775 - ERROR - Skipping molecule Heptazine after failed retries.
2024-12-30 10:56:46,775 - INFO - Processing molecule: Cyclazine
2024-12-30 10:56:46,775 - ERROR - [ERROR] Singlet job for Cyclazine is not completed yet.
2024-12-30 10:56:46,775 - ERROR - Directory /bighome/ali/Projects/Functional_Optimizer/Bayesian_Optimization_v2/a1_0.4927104747514796_b1_-0.21311889092288835_a2_0.6984895957466632_b2_-0.11622422996170573_S does not exist.
2024-12-30 10:56:46,775 - ERROR - [ERROR] Singlet job for Cyclazine is not completed yet.
2024-12-30 10:56:46,775 - ERROR - Skipping molecule Cyclazine after failed retries.
2024-12-30 10:56:46,777 - INFO - build_posterior_wrapper took 0.001328 seconds
2024-12-30 10:56:46,777 - INFO - TPE using 89/89 trials with best loss inf
2024-12-30 10:56:46,798 - INFO - Successfully generated input file for Heptazine at a1_0.50_b1_-0.22_a2_0.70_b2_-0.11_S/Heptazine_a1_0.50_b1_-0.22_a2_0.70_b2_-0.11_S.inp
2024-12-30 10:56:46,799 - INFO - Submitting job for Heptazine in directory a1_0.50_b1_-0.22_a2_0.70_b2_-0.11_S
2024-12-30 10:56:46,817 - INFO - Job submitted for Heptazine with ID: Submitted batch job 4326674
2024-12-30 10:56:46,829 - INFO - Successfully generated input file for Cyclazine at a1_0.50_b1_-0.22_a2_0.70_b2_-0.11_S/Cyclazine_a1_0.50_b1_-0.22_a2_0.70_b2_-0.11_S.inp
2024-12-30 10:56:46,830 - INFO - Submitting job for Cyclazine in directory a1_0.50_b1_-0.22_a2_0.70_b2_-0.11_S
2024-12-30 10:56:46,847 - INFO - Job submitted for Cyclazine with ID: Submitted batch job 4326675
2024-12-30 10:56:46,848 - INFO - Processing molecule: Heptazine
2024-12-30 10:56:46,848 - ERROR - [ERROR] Singlet job for Heptazine is not completed yet.
2024-12-30 10:56:46,848 - ERROR - Directory /bighome/ali/Projects/Functional_Optimizer/Bayesian_Optimization_v2/a1_0.49655732002612074_b1_-0.2156097334575984_a2_0.6995611242393451_b2_-0.11407544543670174_S does not exist.
2024-12-30 10:56:46,848 - ERROR - [ERROR] Singlet job for Heptazine is not completed yet.
2024-12-30 10:56:46,848 - ERROR - Skipping molecule Heptazine after failed retries.
2024-12-30 10:56:46,848 - INFO - Processing molecule: Cyclazine
2024-12-30 10:56:46,848 - ERROR - [ERROR] Singlet job for Cyclazine is not completed yet.
2024-12-30 10:56:46,848 - ERROR - Directory /bighome/ali/Projects/Functional_Optimizer/Bayesian_Optimization_v2/a1_0.49655732002612074_b1_-0.2156097334575984_a2_0.6995611242393451_b2_-0.11407544543670174_S does not exist.
2024-12-30 10:56:46,848 - ERROR - [ERROR] Singlet job for Cyclazine is not completed yet.
2024-12-30 10:56:46,848 - ERROR - Skipping molecule Cyclazine after failed retries.
2024-12-30 10:56:46,851 - INFO - build_posterior_wrapper took 0.001388 seconds
2024-12-30 10:56:46,851 - INFO - TPE using 90/90 trials with best loss inf
2024-12-30 10:56:46,873 - INFO - Successfully generated input file for Heptazine at a1_0.50_b1_-0.24_a2_0.64_b2_-0.10_S/Heptazine_a1_0.50_b1_-0.24_a2_0.64_b2_-0.10_S.inp
2024-12-30 10:56:46,874 - INFO - Submitting job for Heptazine in directory a1_0.50_b1_-0.24_a2_0.64_b2_-0.10_S
2024-12-30 10:56:46,892 - INFO - Job submitted for Heptazine with ID: Submitted batch job 4326676
2024-12-30 10:56:46,930 - INFO - Successfully generated input file for Cyclazine at a1_0.50_b1_-0.24_a2_0.64_b2_-0.10_S/Cyclazine_a1_0.50_b1_-0.24_a2_0.64_b2_-0.10_S.inp
2024-12-30 10:56:46,931 - INFO - Submitting job for Cyclazine in directory a1_0.50_b1_-0.24_a2_0.64_b2_-0.10_S
2024-12-30 10:56:46,949 - INFO - Job submitted for Cyclazine with ID: Submitted batch job 4326677
2024-12-30 10:56:46,949 - INFO - Processing molecule: Heptazine
2024-12-30 10:56:46,950 - ERROR - [ERROR] Singlet job for Heptazine is not completed yet.
2024-12-30 10:56:46,950 - ERROR - Directory /bighome/ali/Projects/Functional_Optimizer/Bayesian_Optimization_v2/a1_0.5030576302771107_b1_-0.24398580155851676_a2_0.6370803020732106_b2_-0.1011746616866503_S does not exist.
2024-12-30 10:56:46,950 - ERROR - [ERROR] Singlet job for Heptazine is not completed yet.
2024-12-30 10:56:46,950 - ERROR - Skipping molecule Heptazine after failed retries.
2024-12-30 10:56:46,950 - INFO - Processing molecule: Cyclazine
2024-12-30 10:56:46,950 - ERROR - [ERROR] Singlet job for Cyclazine is not completed yet.
2024-12-30 10:56:46,950 - ERROR - Directory /bighome/ali/Projects/Functional_Optimizer/Bayesian_Optimization_v2/a1_0.5030576302771107_b1_-0.24398580155851676_a2_0.6370803020732106_b2_-0.1011746616866503_S does not exist.
2024-12-30 10:56:46,950 - ERROR - [ERROR] Singlet job for Cyclazine is not completed yet.
2024-12-30 10:56:46,950 - ERROR - Skipping molecule Cyclazine after failed retries.
2024-12-30 10:56:46,952 - INFO - build_posterior_wrapper took 0.001361 seconds
2024-12-30 10:56:46,952 - INFO - TPE using 91/91 trials with best loss inf
2024-12-30 10:56:47,034 - INFO - Successfully generated input file for Heptazine at a1_0.53_b1_-0.24_a2_0.64_b2_-0.09_S/Heptazine_a1_0.53_b1_-0.24_a2_0.64_b2_-0.09_S.inp
2024-12-30 10:56:47,035 - INFO - Submitting job for Heptazine in directory a1_0.53_b1_-0.24_a2_0.64_b2_-0.09_S
2024-12-30 10:56:47,053 - INFO - Job submitted for Heptazine with ID: Submitted batch job 4326678
2024-12-30 10:56:47,065 - INFO - Successfully generated input file for Cyclazine at a1_0.53_b1_-0.24_a2_0.64_b2_-0.09_S/Cyclazine_a1_0.53_b1_-0.24_a2_0.64_b2_-0.09_S.inp
2024-12-30 10:56:47,066 - INFO - Submitting job for Cyclazine in directory a1_0.53_b1_-0.24_a2_0.64_b2_-0.09_S
2024-12-30 10:56:47,084 - INFO - Job submitted for Cyclazine with ID: Submitted batch job 4326679
2024-12-30 10:56:47,084 - INFO - Processing molecule: Heptazine
2024-12-30 10:56:47,084 - ERROR - [ERROR] Singlet job for Heptazine is not completed yet.
2024-12-30 10:56:47,084 - ERROR - Directory /bighome/ali/Projects/Functional_Optimizer/Bayesian_Optimization_v2/a1_0.5283515074966039_b1_-0.24418706421926856_a2_0.6376361276692297_b2_-0.08728090390293458_S does not exist.
2024-12-30 10:56:47,084 - ERROR - [ERROR] Singlet job for Heptazine is not completed yet.
2024-12-30 10:56:47,084 - ERROR - Skipping molecule Heptazine after failed retries.
2024-12-30 10:56:47,084 - INFO - Processing molecule: Cyclazine
2024-12-30 10:56:47,085 - ERROR - [ERROR] Singlet job for Cyclazine is not completed yet.
2024-12-30 10:56:47,085 - ERROR - Directory /bighome/ali/Projects/Functional_Optimizer/Bayesian_Optimization_v2/a1_0.5283515074966039_b1_-0.24418706421926856_a2_0.6376361276692297_b2_-0.08728090390293458_S does not exist.
2024-12-30 10:56:47,085 - ERROR - [ERROR] Singlet job for Cyclazine is not completed yet.
2024-12-30 10:56:47,085 - ERROR - Skipping molecule Cyclazine after failed retries.
2024-12-30 10:56:47,087 - INFO - build_posterior_wrapper took 0.001392 seconds
2024-12-30 10:56:47,087 - INFO - TPE using 92/92 trials with best loss inf
2024-12-30 10:56:47,133 - INFO - Successfully generated input file for Heptazine at a1_0.55_b1_-0.23_a2_0.66_b2_-0.08_S/Heptazine_a1_0.55_b1_-0.23_a2_0.66_b2_-0.08_S.inp
2024-12-30 10:56:47,134 - INFO - Submitting job for Heptazine in directory a1_0.55_b1_-0.23_a2_0.66_b2_-0.08_S
2024-12-30 10:56:47,152 - INFO - Job submitted for Heptazine with ID: Submitted batch job 4326680
2024-12-30 10:56:47,164 - INFO - Successfully generated input file for Cyclazine at a1_0.55_b1_-0.23_a2_0.66_b2_-0.08_S/Cyclazine_a1_0.55_b1_-0.23_a2_0.66_b2_-0.08_S.inp
2024-12-30 10:56:47,165 - INFO - Submitting job for Cyclazine in directory a1_0.55_b1_-0.23_a2_0.66_b2_-0.08_S
2024-12-30 10:56:47,183 - INFO - Job submitted for Cyclazine with ID: Submitted batch job 4326681
2024-12-30 10:56:47,183 - INFO - Processing molecule: Heptazine
2024-12-30 10:56:47,184 - ERROR - [ERROR] Singlet job for Heptazine is not completed yet.
2024-12-30 10:56:47,184 - ERROR - Directory /bighome/ali/Projects/Functional_Optimizer/Bayesian_Optimization_v2/a1_0.5451555734776317_b1_-0.2284819597626732_a2_0.6649682887197569_b2_-0.08421063130309603_S does not exist.
2024-12-30 10:56:47,184 - ERROR - [ERROR] Singlet job for Heptazine is not completed yet.
2024-12-30 10:56:47,184 - ERROR - Skipping molecule Heptazine after failed retries.
2024-12-30 10:56:47,184 - INFO - Processing molecule: Cyclazine
2024-12-30 10:56:47,184 - ERROR - [ERROR] Singlet job for Cyclazine is not completed yet.
2024-12-30 10:56:47,184 - ERROR - Directory /bighome/ali/Projects/Functional_Optimizer/Bayesian_Optimization_v2/a1_0.5451555734776317_b1_-0.2284819597626732_a2_0.6649682887197569_b2_-0.08421063130309603_S does not exist.
2024-12-30 10:56:47,184 - ERROR - [ERROR] Singlet job for Cyclazine is not completed yet.
2024-12-30 10:56:47,184 - ERROR - Skipping molecule Cyclazine after failed retries.
2024-12-30 10:56:47,186 - INFO - build_posterior_wrapper took 0.001345 seconds
2024-12-30 10:56:47,186 - INFO - TPE using 93/93 trials with best loss inf
2024-12-30 10:56:47,231 - INFO - Successfully generated input file for Heptazine at a1_0.55_b1_-0.22_a2_0.66_b2_-0.09_S/Heptazine_a1_0.55_b1_-0.22_a2_0.66_b2_-0.09_S.inp
2024-12-30 10:56:47,232 - INFO - Submitting job for Heptazine in directory a1_0.55_b1_-0.22_a2_0.66_b2_-0.09_S
2024-12-30 10:56:47,250 - INFO - Job submitted for Heptazine with ID: Submitted batch job 4326682
2024-12-30 10:56:47,262 - INFO - Successfully generated input file for Cyclazine at a1_0.55_b1_-0.22_a2_0.66_b2_-0.09_S/Cyclazine_a1_0.55_b1_-0.22_a2_0.66_b2_-0.09_S.inp
2024-12-30 10:56:47,263 - INFO - Submitting job for Cyclazine in directory a1_0.55_b1_-0.22_a2_0.66_b2_-0.09_S
2024-12-30 10:56:47,281 - INFO - Job submitted for Cyclazine with ID: Submitted batch job 4326683
2024-12-30 10:56:47,281 - INFO - Processing molecule: Heptazine
2024-12-30 10:56:47,281 - ERROR - [ERROR] Singlet job for Heptazine is not completed yet.
2024-12-30 10:56:47,281 - ERROR - Directory /bighome/ali/Projects/Functional_Optimizer/Bayesian_Optimization_v2/a1_0.5492847166276358_b1_-0.21928432502810008_a2_0.6619307977132839_b2_-0.08658297756838218_S does not exist.
2024-12-30 10:56:47,281 - ERROR - [ERROR] Singlet job for Heptazine is not completed yet.
2024-12-30 10:56:47,281 - ERROR - Skipping molecule Heptazine after failed retries.
2024-12-30 10:56:47,281 - INFO - Processing molecule: Cyclazine
2024-12-30 10:56:47,281 - ERROR - [ERROR] Singlet job for Cyclazine is not completed yet.
2024-12-30 10:56:47,282 - ERROR - Directory /bighome/ali/Projects/Functional_Optimizer/Bayesian_Optimization_v2/a1_0.5492847166276358_b1_-0.21928432502810008_a2_0.6619307977132839_b2_-0.08658297756838218_S does not exist.
2024-12-30 10:56:47,282 - ERROR - [ERROR] Singlet job for Cyclazine is not completed yet.
2024-12-30 10:56:47,282 - ERROR - Skipping molecule Cyclazine after failed retries.
2024-12-30 10:56:47,284 - INFO - build_posterior_wrapper took 0.001379 seconds
2024-12-30 10:56:47,284 - INFO - TPE using 94/94 trials with best loss inf
2024-12-30 10:56:47,353 - INFO - Successfully generated input file for Heptazine at a1_0.54_b1_-0.22_a2_0.74_b2_-0.08_S/Heptazine_a1_0.54_b1_-0.22_a2_0.74_b2_-0.08_S.inp
2024-12-30 10:56:47,354 - INFO - Submitting job for Heptazine in directory a1_0.54_b1_-0.22_a2_0.74_b2_-0.08_S
2024-12-30 10:56:47,372 - INFO - Job submitted for Heptazine with ID: Submitted batch job 4326684
2024-12-30 10:56:47,384 - INFO - Successfully generated input file for Cyclazine at a1_0.54_b1_-0.22_a2_0.74_b2_-0.08_S/Cyclazine_a1_0.54_b1_-0.22_a2_0.74_b2_-0.08_S.inp
2024-12-30 10:56:47,385 - INFO - Submitting job for Cyclazine in directory a1_0.54_b1_-0.22_a2_0.74_b2_-0.08_S
2024-12-30 10:56:47,403 - INFO - Job submitted for Cyclazine with ID: Submitted batch job 4326685
2024-12-30 10:56:47,403 - INFO - Processing molecule: Heptazine
2024-12-30 10:56:47,403 - ERROR - [ERROR] Singlet job for Heptazine is not completed yet.
2024-12-30 10:56:47,404 - ERROR - Directory /bighome/ali/Projects/Functional_Optimizer/Bayesian_Optimization_v2/a1_0.5376312712421458_b1_-0.22247732503174486_a2_0.7355839320808006_b2_-0.08231548754326687_S does not exist.
2024-12-30 10:56:47,404 - ERROR - [ERROR] Singlet job for Heptazine is not completed yet.
2024-12-30 10:56:47,404 - ERROR - Skipping molecule Heptazine after failed retries.
2024-12-30 10:56:47,404 - INFO - Processing molecule: Cyclazine
2024-12-30 10:56:47,404 - ERROR - [ERROR] Singlet job for Cyclazine is not completed yet.
2024-12-30 10:56:47,404 - ERROR - Directory /bighome/ali/Projects/Functional_Optimizer/Bayesian_Optimization_v2/a1_0.5376312712421458_b1_-0.22247732503174486_a2_0.7355839320808006_b2_-0.08231548754326687_S does not exist.
2024-12-30 10:56:47,404 - ERROR - [ERROR] Singlet job for Cyclazine is not completed yet.
2024-12-30 10:56:47,404 - ERROR - Skipping molecule Cyclazine after failed retries.
2024-12-30 10:56:47,406 - INFO - build_posterior_wrapper took 0.001363 seconds
2024-12-30 10:56:47,406 - INFO - TPE using 95/95 trials with best loss inf
2024-12-30 10:56:47,474 - INFO - Successfully generated input file for Heptazine at a1_0.46_b1_-0.22_a2_0.74_b2_-0.08_S/Heptazine_a1_0.46_b1_-0.22_a2_0.74_b2_-0.08_S.inp
2024-12-30 10:56:47,475 - INFO - Submitting job for Heptazine in directory a1_0.46_b1_-0.22_a2_0.74_b2_-0.08_S
2024-12-30 10:56:47,493 - INFO - Job submitted for Heptazine with ID: Submitted batch job 4326686
2024-12-30 10:56:47,505 - INFO - Successfully generated input file for Cyclazine at a1_0.46_b1_-0.22_a2_0.74_b2_-0.08_S/Cyclazine_a1_0.46_b1_-0.22_a2_0.74_b2_-0.08_S.inp
2024-12-30 10:56:47,506 - INFO - Submitting job for Cyclazine in directory a1_0.46_b1_-0.22_a2_0.74_b2_-0.08_S
2024-12-30 10:56:47,524 - INFO - Job submitted for Cyclazine with ID: Submitted batch job 4326687
2024-12-30 10:56:47,524 - INFO - Processing molecule: Heptazine
2024-12-30 10:56:47,525 - ERROR - [ERROR] Singlet job for Heptazine is not completed yet.
2024-12-30 10:56:47,525 - ERROR - Directory /bighome/ali/Projects/Functional_Optimizer/Bayesian_Optimization_v2/a1_0.4556878019309047_b1_-0.22410086356845138_a2_0.741767521113276_b2_-0.08013091933965001_S does not exist.
2024-12-30 10:56:47,525 - ERROR - [ERROR] Singlet job for Heptazine is not completed yet.
2024-12-30 10:56:47,525 - ERROR - Skipping molecule Heptazine after failed retries.
2024-12-30 10:56:47,525 - INFO - Processing molecule: Cyclazine
2024-12-30 10:56:47,525 - ERROR - [ERROR] Singlet job for Cyclazine is not completed yet.
2024-12-30 10:56:47,525 - ERROR - Directory /bighome/ali/Projects/Functional_Optimizer/Bayesian_Optimization_v2/a1_0.4556878019309047_b1_-0.22410086356845138_a2_0.741767521113276_b2_-0.08013091933965001_S does not exist.
2024-12-30 10:56:47,525 - ERROR - [ERROR] Singlet job for Cyclazine is not completed yet.
2024-12-30 10:56:47,525 - ERROR - Skipping molecule Cyclazine after failed retries.
2024-12-30 10:56:47,527 - INFO - build_posterior_wrapper took 0.001392 seconds
2024-12-30 10:56:47,527 - INFO - TPE using 96/96 trials with best loss inf
2024-12-30 10:56:47,579 - INFO - Successfully generated input file for Heptazine at a1_0.45_b1_-0.25_a2_0.71_b2_-0.09_S/Heptazine_a1_0.45_b1_-0.25_a2_0.71_b2_-0.09_S.inp
2024-12-30 10:56:47,580 - INFO - Submitting job for Heptazine in directory a1_0.45_b1_-0.25_a2_0.71_b2_-0.09_S
2024-12-30 10:56:47,598 - INFO - Job submitted for Heptazine with ID: Submitted batch job 4326688
2024-12-30 10:56:47,610 - INFO - Successfully generated input file for Cyclazine at a1_0.45_b1_-0.25_a2_0.71_b2_-0.09_S/Cyclazine_a1_0.45_b1_-0.25_a2_0.71_b2_-0.09_S.inp
2024-12-30 10:56:47,611 - INFO - Submitting job for Cyclazine in directory a1_0.45_b1_-0.25_a2_0.71_b2_-0.09_S
2024-12-30 10:56:47,629 - INFO - Job submitted for Cyclazine with ID: Submitted batch job 4326689
2024-12-30 10:56:47,629 - INFO - Processing molecule: Heptazine
2024-12-30 10:56:47,630 - ERROR - [ERROR] Singlet job for Heptazine is not completed yet.
2024-12-30 10:56:47,630 - ERROR - Directory /bighome/ali/Projects/Functional_Optimizer/Bayesian_Optimization_v2/a1_0.4509452443748029_b1_-0.24853752040359675_a2_0.7076225637692386_b2_-0.09357426324052857_S does not exist.
2024-12-30 10:56:47,630 - ERROR - [ERROR] Singlet job for Heptazine is not completed yet.
2024-12-30 10:56:47,630 - ERROR - Skipping molecule Heptazine after failed retries.
2024-12-30 10:56:47,630 - INFO - Processing molecule: Cyclazine
2024-12-30 10:56:47,630 - ERROR - [ERROR] Singlet job for Cyclazine is not completed yet.
2024-12-30 10:56:47,630 - ERROR - Directory /bighome/ali/Projects/Functional_Optimizer/Bayesian_Optimization_v2/a1_0.4509452443748029_b1_-0.24853752040359675_a2_0.7076225637692386_b2_-0.09357426324052857_S does not exist.
2024-12-30 10:56:47,630 - ERROR - [ERROR] Singlet job for Cyclazine is not completed yet.
2024-12-30 10:56:47,630 - ERROR - Skipping molecule Cyclazine after failed retries.
2024-12-30 10:56:47,632 - INFO - build_posterior_wrapper took 0.001325 seconds
2024-12-30 10:56:47,632 - INFO - TPE using 97/97 trials with best loss inf
2024-12-30 10:56:47,709 - INFO - Successfully generated input file for Heptazine at a1_0.46_b1_-0.25_a2_0.74_b2_-0.08_S/Heptazine_a1_0.46_b1_-0.25_a2_0.74_b2_-0.08_S.inp
2024-12-30 10:56:47,710 - INFO - Submitting job for Heptazine in directory a1_0.46_b1_-0.25_a2_0.74_b2_-0.08_S
2024-12-30 10:56:47,728 - INFO - Job submitted for Heptazine with ID: Submitted batch job 4326690
2024-12-30 10:56:47,740 - INFO - Successfully generated input file for Cyclazine at a1_0.46_b1_-0.25_a2_0.74_b2_-0.08_S/Cyclazine_a1_0.46_b1_-0.25_a2_0.74_b2_-0.08_S.inp
2024-12-30 10:56:47,741 - INFO - Submitting job for Cyclazine in directory a1_0.46_b1_-0.25_a2_0.74_b2_-0.08_S
2024-12-30 10:56:47,759 - INFO - Job submitted for Cyclazine with ID: Submitted batch job 4326691
2024-12-30 10:56:47,760 - INFO - Processing molecule: Heptazine
2024-12-30 10:56:47,760 - ERROR - [ERROR] Singlet job for Heptazine is not completed yet.
2024-12-30 10:56:47,760 - ERROR - Directory /bighome/ali/Projects/Functional_Optimizer/Bayesian_Optimization_v2/a1_0.4560207892951176_b1_-0.25445374504530716_a2_0.7375193921455441_b2_-0.08162192521511824_S does not exist.
2024-12-30 10:56:47,760 - ERROR - [ERROR] Singlet job for Heptazine is not completed yet.
2024-12-30 10:56:47,760 - ERROR - Skipping molecule Heptazine after failed retries.
2024-12-30 10:56:47,760 - INFO - Processing molecule: Cyclazine
2024-12-30 10:56:47,760 - ERROR - [ERROR] Singlet job for Cyclazine is not completed yet.
2024-12-30 10:56:47,761 - ERROR - Directory /bighome/ali/Projects/Functional_Optimizer/Bayesian_Optimization_v2/a1_0.4560207892951176_b1_-0.25445374504530716_a2_0.7375193921455441_b2_-0.08162192521511824_S does not exist.
2024-12-30 10:56:47,761 - ERROR - [ERROR] Singlet job for Cyclazine is not completed yet.
2024-12-30 10:56:47,761 - ERROR - Skipping molecule Cyclazine after failed retries.
2024-12-30 10:56:47,763 - INFO - build_posterior_wrapper took 0.001393 seconds
2024-12-30 10:56:47,763 - INFO - TPE using 98/98 trials with best loss inf
2024-12-30 10:56:47,814 - INFO - Successfully generated input file for Heptazine at a1_0.49_b1_-0.26_a2_0.72_b2_-0.09_S/Heptazine_a1_0.49_b1_-0.26_a2_0.72_b2_-0.09_S.inp
2024-12-30 10:56:47,815 - INFO - Submitting job for Heptazine in directory a1_0.49_b1_-0.26_a2_0.72_b2_-0.09_S
2024-12-30 10:56:47,833 - INFO - Job submitted for Heptazine with ID: Submitted batch job 4326692
2024-12-30 10:56:47,845 - INFO - Successfully generated input file for Cyclazine at a1_0.49_b1_-0.26_a2_0.72_b2_-0.09_S/Cyclazine_a1_0.49_b1_-0.26_a2_0.72_b2_-0.09_S.inp
2024-12-30 10:56:47,846 - INFO - Submitting job for Cyclazine in directory a1_0.49_b1_-0.26_a2_0.72_b2_-0.09_S
2024-12-30 10:56:47,864 - INFO - Job submitted for Cyclazine with ID: Submitted batch job 4326693
2024-12-30 10:56:47,864 - INFO - Processing molecule: Heptazine
2024-12-30 10:56:47,865 - ERROR - [ERROR] Singlet job for Heptazine is not completed yet.
2024-12-30 10:56:47,865 - ERROR - Directory /bighome/ali/Projects/Functional_Optimizer/Bayesian_Optimization_v2/a1_0.48939809345575186_b1_-0.26136731927041745_a2_0.7164445507788713_b2_-0.09219729070451954_S does not exist.
2024-12-30 10:56:47,865 - ERROR - [ERROR] Singlet job for Heptazine is not completed yet.
2024-12-30 10:56:47,865 - ERROR - Skipping molecule Heptazine after failed retries.
2024-12-30 10:56:47,865 - INFO - Processing molecule: Cyclazine
2024-12-30 10:56:47,865 - ERROR - [ERROR] Singlet job for Cyclazine is not completed yet.
2024-12-30 10:56:47,865 - ERROR - Directory /bighome/ali/Projects/Functional_Optimizer/Bayesian_Optimization_v2/a1_0.48939809345575186_b1_-0.26136731927041745_a2_0.7164445507788713_b2_-0.09219729070451954_S does not exist.
2024-12-30 10:56:47,865 - ERROR - [ERROR] Singlet job for Cyclazine is not completed yet.
2024-12-30 10:56:47,865 - ERROR - Skipping molecule Cyclazine after failed retries.
2024-12-30 10:56:47,867 - INFO - build_posterior_wrapper took 0.001416 seconds
2024-12-30 10:56:47,868 - INFO - TPE using 99/99 trials with best loss inf
2024-12-30 10:56:47,909 - INFO - Successfully generated input file for Heptazine at a1_0.51_b1_-0.24_a2_0.67_b2_-0.12_S/Heptazine_a1_0.51_b1_-0.24_a2_0.67_b2_-0.12_S.inp
2024-12-30 10:56:47,910 - INFO - Submitting job for Heptazine in directory a1_0.51_b1_-0.24_a2_0.67_b2_-0.12_S
2024-12-30 10:56:47,928 - INFO - Job submitted for Heptazine with ID: Submitted batch job 4326694
2024-12-30 10:56:47,940 - INFO - Successfully generated input file for Cyclazine at a1_0.51_b1_-0.24_a2_0.67_b2_-0.12_S/Cyclazine_a1_0.51_b1_-0.24_a2_0.67_b2_-0.12_S.inp
2024-12-30 10:56:47,941 - INFO - Submitting job for Cyclazine in directory a1_0.51_b1_-0.24_a2_0.67_b2_-0.12_S
2024-12-30 10:56:47,959 - INFO - Job submitted for Cyclazine with ID: Submitted batch job 4326695
2024-12-30 10:56:47,959 - INFO - Processing molecule: Heptazine
2024-12-30 10:56:47,959 - ERROR - [ERROR] Singlet job for Heptazine is not completed yet.
2024-12-30 10:56:47,959 - ERROR - Directory /bighome/ali/Projects/Functional_Optimizer/Bayesian_Optimization_v2/a1_0.5078854355837422_b1_-0.2360719379835187_a2_0.6744423569672419_b2_-0.11799828913741976_S does not exist.
2024-12-30 10:56:47,960 - ERROR - [ERROR] Singlet job for Heptazine is not completed yet.
2024-12-30 10:56:47,960 - ERROR - Skipping molecule Heptazine after failed retries.
2024-12-30 10:56:47,960 - INFO - Processing molecule: Cyclazine
2024-12-30 10:56:47,960 - ERROR - [ERROR] Singlet job for Cyclazine is not completed yet.
2024-12-30 10:56:47,960 - ERROR - Directory /bighome/ali/Projects/Functional_Optimizer/Bayesian_Optimization_v2/a1_0.5078854355837422_b1_-0.2360719379835187_a2_0.6744423569672419_b2_-0.11799828913741976_S does not exist.
2024-12-30 10:56:47,960 - ERROR - [ERROR] Singlet job for Cyclazine is not completed yet.
2024-12-30 10:56:47,960 - ERROR - Skipping molecule Cyclazine after failed retries.
